,GS_ID,NAME,SOURCE,GS_SIZE,ORGANISM,DESCRIPTION,LINK,TYPE,MULTI_N,OLAP,COCO_V2,SIMILARITY_SCORE,pvalue,Rank,pFDR
0,WAG002659,Focal adhesion: PI3K-Akt-mTOR-signaling pathway,WikiPathway_2021,303,Homo sapiens,Focal adhesion: PI3K-Akt-mTOR-signaling pathway,https://www.wikipathways.org/index.php/Pathway:WP3932,P,1333,51,2281.29567,.0549688493653542899981904195641496264509,2.1905013588121e-19,1,3.1105119295132e-17
1,WAG002805,PI3K-Akt signaling pathway,WikiPathway_2021,341,Homo sapiens,PI3K-Akt signaling pathway,https://www.wikipathways.org/index.php/Pathway:WP4172,P,1333,54,2517.238566,.0538254004060455673358899165350778254005,3.3145295639111e-19,2,4.6734866851147e-17
2,WAG003294,Sudden infant death syndrome (SIDS) susceptibility pathways,WikiPathway_2021,160,Homo sapiens,Sudden infant death syndrome (SIDS) susceptibility pathways,https://www.wikipathways.org/index.php/Pathway:WP706,P,1333,37,520.3515382,.0628233482642777155655095184770436730123,3.5210896169703e-19,3,4.9295254637585e-17
3,WAG003212,Malignant pleural mesothelioma,WikiPathway_2021,430,Homo sapiens,Malignant pleural mesothelioma,https://www.wikipathways.org/index.php/Pathway:WP5087,P,1333,61,1643.647427,.052387841054751876945614356344991759751,4.4921718046785e-19,4,6.2441188085032e-17
4,WAG002670,TYROBP causal network in microglia,WikiPathway_2021,60,Homo sapiens,TYROBP causal network in microglia,https://www.wikipathways.org/index.php/Pathway:WP3945,P,1333,24,221.1523998,.091300765155974102413184226015303119482,4.9286653404083e-19,5,6.8015581697635e-17
5,WAG002896,G alpha (i) signaling events,WikiPathway_2021,253,Homo sapiens,G alpha (i) signaling events,https://www.wikipathways.org/index.php/Pathway:WP4423,P,1333,45,25749.06659,.0548141700977896455785517668258820397877,3.1239630022281e-18,6,4.2798293130525e-16
6,WAG002173,Allograft Rejection,WikiPathway_2021,94,Homo sapiens,Allograft Rejection,https://www.wikipathways.org/index.php/Pathway:WP2328,P,1333,28,1120.605639,.0725299336721509173916788698423636833492,5.4426753201787e-18,7,7.4020384354431e-16
7,WAG003196,Burn wound healing,WikiPathway_2021,107,Homo sapiens,Burn wound healing,https://www.wikipathways.org/index.php/Pathway:WP5055,P,1333,29,1347.149916,.0675312823761185697337978495547193309249,2.3959813790896e-17,8,3.234574861771e-15
8,WAG003238,Network map of SARS-CoV-2 signaling pathway,WikiPathway_2021,226,Homo sapiens,Network map of SARS-CoV-2 signaling pathway,https://www.wikipathways.org/index.php/Pathway:WP5115,P,1333,41,1086.742255,.0540321035896257135195188292533425276788,4.6381689750523e-17,9,6.2151464265701e-15
9,WAG002393,Focal adhesion,WikiPathway_2021,199,Homo sapiens,Focal adhesion,https://www.wikipathways.org/index.php/Pathway:WP306,P,1333,38,4929.347674,.0548576214405360134003350083752093802345,1.0971986528041e-16,10,1.4592742082295e-14
10,WAG002345,Complement system,WikiPathway_2021,97,Homo sapiens,Complement system,https://www.wikipathways.org/index.php/Pathway:WP2806,P,1333,27,948.6903875,.0681340384649704641852219796431907008287,1.4223484887226e-16,11,1.8775000051138e-14
11,WAG002190,Spinal cord injury,WikiPathway_2021,121,Homo sapiens,Spinal cord injury,https://www.wikipathways.org/index.php/Pathway:WP2431,P,1333,29,912.2650552,.0611532575168938805302441666078029714393,8.4907330676068e-16,12,1.1122860318565e-13
12,WAG002860,"Oligodendrocyte specification and differentiation, leading to myelin components for CNS",WikiPathway_2021,31,Homo sapiens,"Oligodendrocyte specification and differentiation, leading to myelin components for CNS",https://www.wikipathways.org/index.php/Pathway:WP4304,P,1333,16,536.019499,.1108539351762851320696681917797685416587,2.4992554087853e-15,13,3.2490320314209e-13
13,WAG003219,Orexin receptor pathway,WikiPathway_2021,156,Homo sapiens,Orexin receptor pathway,https://www.wikipathways.org/index.php/Pathway:WP5094,P,1333,31,370.2991071,.0536138358286009292720702116675271037687,2.1981129078742e-14,14,2.8355656511577e-12
14,WAG003210,Neuroinflammation and glutamatergic signaling,WikiPathway_2021,140,Homo sapiens,Neuroinflammation and glutamatergic signaling,https://www.wikipathways.org/index.php/Pathway:WP5083,P,1333,29,1248.281118,.054506361732968271863424061845707843453,4.865244565553e-14,15,6.2275130439078e-12
15,WAG002093,Response to elevated platelet cytosolic Ca2+,WikiPathway_2021,114,Homo sapiens,Response to elevated platelet cytosolic Ca2+,https://www.wikipathways.org/index.php/Pathway:WP1903,P,1333,25,1050.481974,.0552751742369622686854121605383321316992,6.7975399974408e-13,16,8.6328757967498e-11
16,WAG002340,Regulation of IGF transport and uptake by IGF binding proteins,WikiPathway_2021,126,Homo sapiens,Regulation of IGF transport and uptake by IGF binding proteins,https://www.wikipathways.org/index.php/Pathway:WP2799,P,1333,25,563.9224936,.0510204081632653061224489795918367346939,7.0530013217023e-12,17,8.8867816653449e-10
17,WAG002771,Post-translational protein phosphorylation,WikiPathway_2021,109,Homo sapiens,Post-translational protein phosphorylation,https://www.wikipathways.org/index.php/Pathway:WP4110,P,1333,22,393.5992182,.050424115334207077326343381389252948886,8.7787218055117e-11,18,1.097340225689e-08
18,WAG002152,Neural crest differentiation,WikiPathway_2021,101,Homo sapiens,Neural crest differentiation,https://www.wikipathways.org/index.php/Pathway:WP2064,P,1333,21,647.6395286,.0512227126327090540379339138733150423476,1.3018601226494e-10,19,1.6143065520852e-08
19,WAG002517,MECP2 and associated Rett syndrome,WikiPathway_2021,73,Homo sapiens,MECP2 and associated Rett syndrome,https://www.wikipathways.org/index.php/Pathway:WP3584,P,1333,18,223.8509879,.0576969078412298467475720413988868866315,1.3904287397911e-10,20,1.7102273499431e-08
20,WAG003063,AXL signaling pathway,WikiPathway_2021,95,Homo sapiens,AXL signaling pathway,https://www.wikipathways.org/index.php/Pathway:WP4847,P,1333,20,919.372195,.0513112470474229301677669432499545757374,2.8082239359821e-10,21,3.4260332018981e-08
21,WAG002969,Hippo signaling regulation pathways,WikiPathway_2021,98,Homo sapiens,Hippo signaling regulation pathways,https://www.wikipathways.org/index.php/Pathway:WP4540,P,1333,20,862.1468483,.0500064471509453867704462600663470442743,5.0108657077961e-10,22,6.0631475064332e-08
22,WAG003308,Prostaglandin synthesis and regulation,WikiPathway_2021,45,Homo sapiens,Prostaglandin synthesis and regulation,https://www.wikipathways.org/index.php/Pathway:WP98,P,1333,14,599.7199962,.0688337924701561065197428833792470156106,5.4403567508343e-10,23,6.5284281010012e-08
23,WAG002946,Cells and molecules involved in local acute inflammatory response,WikiPathway_2021,17,Homo sapiens,Cells and molecules involved in local acute inflammatory response,https://www.wikipathways.org/index.php/Pathway:WP4493,P,1333,9,1656.327624,.1101911500686450522758475023761748864716,2.6173311699187e-09,24,3.1146240922033e-07
24,WAG002537,Lung fibrosis,WikiPathway_2021,63,Homo sapiens,Lung fibrosis,https://www.wikipathways.org/index.php/Pathway:WP3624,P,1333,15,1391.930268,.0546324900503743285742116835044947260026,7.7840972881521e-09,25,9.1852348000195e-07
25,WAG002729,Interleukin-10 signaling,WikiPathway_2021,46,Homo sapiens,Interleukin-10 signaling,https://www.wikipathways.org/index.php/Pathway:WP4063,P,1333,13,4309.698489,.0626538146021328958162428219852337981953,8.2407008386837e-09,26,9.64161998126e-07
26,WAG003024,Endochondral ossification,WikiPathway_2021,64,Homo sapiens,Endochondral ossification,https://www.wikipathways.org/index.php/Pathway:WP474,P,1333,15,749.4469403,.0538843457943925233644859813084112149533,9.7879246686602e-09,27,1.1353992615646e-06
27,WAG003050,Endochondral ossification with skeletal dysplasias,WikiPathway_2021,64,Homo sapiens,Endochondral ossification with skeletal dysplasias,https://www.wikipathways.org/index.php/Pathway:WP4808,P,1333,15,749.4469403,.0538843457943925233644859813084112149533,9.7879246686602e-09,27,1.1256113368959e-06
28,WAG002789,Neurexins and neuroligins,WikiPathway_2021,56,Homo sapiens,Neurexins and neuroligins,https://www.wikipathways.org/index.php/Pathway:WP4133,P,1333,14,668.9833429,.056568914956011730205278592375366568915,1.2458137899798e-08,29,1.4202277205769e-06
29,WAG003213,Prostaglandin signaling,WikiPathway_2021,33,Homo sapiens,Prostaglandin signaling,https://www.wikipathways.org/index.php/Pathway:WP5088,P,1333,11,1716.990063,.0718892185954500494559841740850642927795,1.7079497523114e-08,30,1.9299832201119e-06
30,WAG003186,SARS-CoV-2 innate immunity evasion and cell-specific immune response,WikiPathway_2021,67,Homo sapiens,SARS-CoV-2 innate immunity evasion and cell-specific immune response,https://www.wikipathways.org/index.php/Pathway:WP5039,P,1333,15,1710.670831,.0517732039510900308950872459858143683913,1.8930945835368e-08,31,2.1202659335612e-06
31,WAG002928,GABA receptor activation,WikiPathway_2021,60,Homo sapiens,GABA receptor activation,https://www.wikipathways.org/index.php/Pathway:WP4457,P,1333,14,4857.735422,.0532202067485859176906573044665496391652,3.197637257028e-08,32,3.5493773553011e-06
32,WAG002477,NOTCH1 regulation of endothelial cell calcification,WikiPathway_2021,17,Homo sapiens,NOTCH1 regulation of endothelial cell calcification,https://www.wikipathways.org/index.php/Pathway:WP3413,P,1333,8,340.4420222,.0979453982549957782155924570785251899803,6.7361089940495e-08,33,7.4097198934545e-06
33,WAG003015,Cholesterol metabolism with Bloch and Kandutsch-Russell pathways,WikiPathway_2021,47,Homo sapiens,Cholesterol metabolism with Bloch and Kandutsch-Russell pathways,https://www.wikipathways.org/index.php/Pathway:WP4718,P,1333,12,1968.562365,.056717540034583865874746259679723329073,1.0502171379612e-07,34,1.1447366803778e-05
34,WAG002663,Microglia pathogen phagocytosis pathway,WikiPathway_2021,40,Homo sapiens,Microglia pathogen phagocytosis pathway,https://www.wikipathways.org/index.php/Pathway:WP3937,P,1333,11,3801.214983,.060200945626477541371158392434988179669,1.5629237971627e-07,35,1.6879577009357e-05
35,WAG002795,Macrophage markers,WikiPathway_2021,9,Homo sapiens,Macrophage markers,https://www.wikipathways.org/index.php/Pathway:WP4146,P,1333,6,374.3406156,.1362144857943177270908363345338135254101,2.0882360000514e-07,36,2.234412520055e-05
36,WAG002163,Synaptic vesicle pathway,WikiPathway_2021,51,Homo sapiens,Synaptic vesicle pathway,https://www.wikipathways.org/index.php/Pathway:WP2267,P,1333,12,973.0263343,.0526992465611391442593488629294255892721,2.7402972629075e-07,37,2.9047150986819e-05
37,WAG002696,NO/cGMP/PKG mediated neuroprotection,WikiPathway_2021,47,Homo sapiens,NO/cGMP/PKG mediated neuroprotection,https://www.wikipathways.org/index.php/Pathway:WP4008,P,1333,11,768.148723,.0519880280014526692798016355052408801172,9.0202971976593e-07,38,9.4713120575422e-05
38,WAG002804,GABA receptor signaling,WikiPathway_2021,31,Homo sapiens,GABA receptor signaling,https://www.wikipathways.org/index.php/Pathway:WP4159,P,1333,9,873.9868229,.0623375131616732076194122714654924858811,1.2732043296224e-06,39,0.00013241325028073
39,WAG002562,Amplification and expansion of oncogenic pathways as metastatic traits,WikiPathway_2021,17,Homo sapiens,Amplification and expansion of oncogenic pathways as metastatic traits,https://www.wikipathways.org/index.php/Pathway:WP3678,P,1333,7,348.7495973,.0857002215111986217080974649273935515629,1.3860439148964e-06,40,0.00014276252323433
40,WAG002933,Platelet-mediated interactions with vascular and circulating cells,WikiPathway_2021,17,Homo sapiens,Platelet-mediated interactions with vascular and circulating cells,https://www.wikipathways.org/index.php/Pathway:WP4462,P,1333,7,2007.802305,.0857002215111986217080974649273935515629,1.3860439148964e-06,40,0.00014137647931943
41,WAG002713,Other interleukin signaling,WikiPathway_2021,24,Homo sapiens,Other interleukin signaling,https://www.wikipathways.org/index.php/Pathway:WP4041,P,1333,8,220.183846,.0704784594004367679174111574349811395672,1.5606078387068e-06,42,0.00015762139170939
42,WAG002241,Vasopressin regulates renal water homeostasis via aquaporins,WikiPathway_2021,43,Homo sapiens,Vasopressin regulates renal water homeostasis via aquaporins,https://www.wikipathways.org/index.php/Pathway:WP2662,P,1333,10,8306.114194,.051228609039052215884159719175076788065,2.9779274833311e-06,43,0.00029779274833311
43,WAG002400,Overview of nanoparticle effects,WikiPathway_2021,19,Homo sapiens,Overview of nanoparticle effects,https://www.wikipathways.org/index.php/Pathway:WP3287,P,1333,7,559.6678004,.077027494108405341712490180675569520817,3.3273429071382e-06,44,0.00032940694780668
44,WAG003165,EGR2 and SOX10-mediated initiation of Schwann cell myelination,WikiPathway_2021,29,Homo sapiens,EGR2 and SOX10-mediated initiation of Schwann cell myelination,https://www.wikipathways.org/index.php/Pathway:WP5011,P,1333,8,214.8752965,.0589728888524858710787124252600540584814,7.5267653149865e-06,45,0.00073762300086868
45,WAG003262,Cytokines and inflammatory response,WikiPathway_2021,29,Homo sapiens,Cytokines and inflammatory response,https://www.wikipathways.org/index.php/Pathway:WP530,P,1333,8,4679.497357,.0589728888524858710787124252600540584814,7.5267653149865e-06,45,0.00073009623555369
46,WAG002927,Activation of kainate receptors upon glutamate binding,WikiPathway_2021,30,Homo sapiens,Activation of kainate receptors upon glutamate binding,https://www.wikipathways.org/index.php/Pathway:WP4456,P,1333,8,4237.499088,.0571315529179030662710187932739861523244,9.8797727645967e-06,47,0.00094845818540128
47,WAG002858,Extracellular vesicles in the crosstalk of cardiac cells,WikiPathway_2021,22,Homo sapiens,Extracellular vesicles in the crosstalk of cardiac cells,https://www.wikipathways.org/index.php/Pathway:WP4300,P,1333,7,609.697881,.0669736699534077364828258749593672120489,1.0043997936631e-05,48,0.00095417980397991
48,WAG003035,PKC-gamma calcium signaling pathway in ataxia,WikiPathway_2021,22,Homo sapiens,PKC-gamma calcium signaling pathway in ataxia,https://www.wikipathways.org/index.php/Pathway:WP4760,P,1333,7,905.1131886,.0669736699534077364828258749593672120489,1.0043997936631e-05,48,0.00094413580604328
49,WAG003245,Prostaglandin and leukotriene metabolism in senescence,WikiPathway_2021,31,Homo sapiens,Prostaglandin and leukotriene metabolism in senescence,https://www.wikipathways.org/index.php/Pathway:WP5122,P,1333,8,696.4683019,.0554088700110970803199020395668312095817,1.2818005075473e-05,50,0.001192074472019
50,WAG003266,Complement activation,WikiPathway_2021,23,Homo sapiens,Complement activation,https://www.wikipathways.org/index.php/Pathway:WP545,P,1333,7,2891.649795,.0642048838594401429422275163787969029184,1.3897828502429e-05,51,0.0012786002222235
51,WAG002355,Hair follicle development: organogenesis - part 2 of 3,WikiPathway_2021,32,Homo sapiens,Hair follicle development: organogenesis - part 2 of 3,https://www.wikipathways.org/index.php/Pathway:WP2839,P,1333,8,668.6444665,.0537937166567871962062833432128037937167,1.6451231725478e-05,52,0.0014970620870185
52,WAG002900,G-protein beta:gamma signaling,WikiPathway_2021,32,Homo sapiens,G-protein beta:gamma signaling,https://www.wikipathways.org/index.php/Pathway:WP4428,P,1333,8,5292.318187,.0537937166567871962062833432128037937167,1.6451231725478e-05,52,0.001480610855293
53,WAG003076,Disruption of postsynaptic signaling by CNV,WikiPathway_2021,33,Homo sapiens,Disruption of postsynaptic signaling by CNV,https://www.wikipathways.org/index.php/Pathway:WP4875,P,1333,8,1027.960695,.0522763176791612810570156541720522763177,2.0903124785065e-05,54,0.0018603781058707
54,WAG002957,"Metabolic pathway of LDL, HDL and TG, including diseases",WikiPathway_2021,17,Homo sapiens,"Metabolic pathway of LDL, HDL and TG, including diseases",https://www.wikipathways.org/index.php/Pathway:WP4522,P,1333,6,3915.218396,.0734556188066624499262070419565675732659,2.2671897567502e-05,55,0.0019951269859402
55,WAG003160,Assembly and cell surface presentation of NMDA receptors,WikiPathway_2021,25,Homo sapiens,Assembly and cell surface presentation of NMDA receptors,https://www.wikipathways.org/index.php/Pathway:WP5007,P,1333,7,2091.235419,.0593313503866745984533016061867935752528,2.5248790980663e-05,56,0.0021966448153176
56,WAG002258,"GABA synthesis, release, reuptake and degradation",WikiPathway_2021,18,Homo sapiens,"GABA synthesis, release, reuptake and degradation",https://www.wikipathways.org/index.php/Pathway:WP2685,P,1333,6,1388.153067,.0695323383084577114427860696517412935324,3.2734319832449e-05,57,0.0028151515055906
57,WAG003197,Fatty acid transporters,WikiPathway_2021,18,Homo sapiens,Fatty acid transporters,https://www.wikipathways.org/index.php/Pathway:WP5061,P,1333,6,95.6609313,.0695323383084577114427860696517412935324,3.2734319832449e-05,57,0.0027824171857582
58,WAG002903,Integrin signaling,WikiPathway_2021,26,Homo sapiens,Integrin signaling,https://www.wikipathways.org/index.php/Pathway:WP4431,P,1333,7,2389.00305,.0571755236440135369980792097320040245129,3.3257658457616e-05,59,0.0027936433104398
59,WAG002779,Listeria monocytogenes entry into host cells,WikiPathway_2021,19,Homo sapiens,Listeria monocytogenes entry into host cells,https://www.wikipathways.org/index.php/Pathway:WP4119,P,1333,6,2715.46062,.0660218565506845873633965582213289787716,4.6050821266658e-05,60,0.0038222181651326
60,WAG002545,Imatinib and chronic myeloid leukemia,WikiPathway_2021,20,Homo sapiens,Imatinib and chronic myeloid leukemia,https://www.wikipathways.org/index.php/Pathway:WP3640,P,1333,6,428.7164433,.0628622540250447227191413237924865831843,6.3323187468947e-05,61,0.0051925013724537
61,WAG002818,Transcriptional cascade regulating adipogenesis,WikiPathway_2021,13,Homo sapiens,Transcriptional cascade regulating adipogenesis,https://www.wikipathways.org/index.php/Pathway:WP4211,P,1333,5,598.9972476,.0793168531050039129033743037333701606592,7.0560171662327e-05,62,0.0057153739046485
62,WAG003122,Galanin receptor pathway,WikiPathway_2021,21,Homo sapiens,Galanin receptor pathway,https://www.wikipathways.org/index.php/Pathway:WP4970,P,1333,6,502.4071979,.0600034054146092286735910097054316363017,8.5332378146648e-05,63,0.0068265902517319
63,WAG002639,WikiPathways Academy: met-1-last,WikiPathway_2021,14,Homo sapiens,WikiPathways Academy: met-1-last,https://www.wikipathways.org/index.php/Pathway:WP3907,P,1333,5,3801.468479,.0738209159261790840738209159261790840738,0.00010564785351821,64,0.0083461804279388
64,WAG003044,FGF23 signaling in hypophosphatemic rickets and related disorders,WikiPathway_2021,22,Homo sapiens,FGF23 signaling in hypophosphatemic rickets and related disorders,https://www.wikipathways.org/index.php/Pathway:WP4790,P,1333,6,545.6177486,.0574042990957821213926038226216904001299,0.00011293777085437,65,0.0088091461266409
65,WAG002165,Glial cell differentiation,WikiPathway_2021,8,Homo sapiens,Glial cell differentiation,https://www.wikipathways.org/index.php/Pathway:WP2276,P,1333,4,144.8985857,.1019196160767846430713857228554289142172,0.00011927482719701,66,0.0091841616941696
66,WAG003058,GDNF/RET signaling axis,WikiPathway_2021,23,Homo sapiens,GDNF/RET signaling axis,https://www.wikipathways.org/index.php/Pathway:WP4830,P,1333,6,190.6811901,.055031055900621118012422360248447204969,0.00014707552530197,67,0.01117773992295
67,WAG003188,Kynurenine pathway and links to cell senescence,WikiPathway_2021,23,Homo sapiens,Kynurenine pathway and links to cell senescence,https://www.wikipathways.org/index.php/Pathway:WP5044,P,1333,6,365.4440185,.055031055900621118012422360248447204969,0.00014707552530197,67,0.011030664397648
68,WAG002119,Cholesterol biosynthesis pathway,WikiPathway_2021,15,Homo sapiens,Cholesterol biosynthesis pathway,https://www.wikipathways.org/index.php/Pathway:WP197,P,1333,5,4519.454651,.0690575811914724048615262004383343295478,0.00015253414696508,69,0.011287526875416
69,WAG002646,WikiPathways Academy: wp-publish test,WikiPathway_2021,15,Homo sapiens,WikiPathways Academy: wp-publish test,https://www.wikipathways.org/index.php/Pathway:WP3917,P,1333,5,4519.454651,.0690575811914724048615262004383343295478,0.00015253414696508,69,0.011134992728451
70,WAG003083,COVID-19 adverse outcome pathway,WikiPathway_2021,15,Homo sapiens,COVID-19 adverse outcome pathway,https://www.wikipathways.org/index.php/Pathway:WP4891,P,1333,5,1871.396346,.0690575811914724048615262004383343295478,0.00015253414696508,69,0.010982458581486
71,WAG002001,Physiological and pathological hypertrophy of the heart,WikiPathway_2021,24,Homo sapiens,Physiological and pathological hypertrophy of the heart,https://www.wikipathways.org/index.php/Pathway:WP1528,P,1333,6,1198.215475,.052855443188578227245687091017251635931,0.00018875612148289,72,0.013401684625285
72,WAG002033,Cholesterol biosynthesis,WikiPathway_2021,24,Homo sapiens,Cholesterol biosynthesis,https://www.wikipathways.org/index.php/Pathway:WP1795,P,1333,6,3556.245612,.052855443188578227245687091017251635931,0.00018875612148289,72,0.013212928503802
73,WAG002367,IL1 and megakaryocytes in obesity,WikiPathway_2021,24,Homo sapiens,IL1 and megakaryocytes in obesity,https://www.wikipathways.org/index.php/Pathway:WP2865,P,1333,6,996.7354714,.052855443188578227245687091017251635931,0.00018875612148289,72,0.013024172382319
74,WAG003141,FOXO-mediated transcription of cell cycle genes,WikiPathway_2021,17,Homo sapiens,FOXO-mediated transcription of cell cycle genes,https://www.wikipathways.org/index.php/Pathway:WP4989,P,1333,5,1194.716766,.0612115891132572431957857769973661106234,0.0002911998761452,75,0.019801591577874
75,WAG002346,Mammary gland development pathway - Embryonic development (Stage 1 of 4),WikiPathway_2021,18,Homo sapiens,Mammary gland development pathway - Embryonic development (Stage 1 of 4),https://www.wikipathways.org/index.php/Pathway:WP2813,P,1333,5,523.5148161,.0579421904004242906390877751259612834792,0.00038809168089376,76,0.026002142619882
76,WAG002616,TGF-beta signaling in thyroid cells for epithelial-mesenchymal transition,WikiPathway_2021,18,Homo sapiens,TGF-beta signaling in thyroid cells for epithelial-mesenchymal transition,https://www.wikipathways.org/index.php/Pathway:WP3859,P,1333,5,1897.546702,.0579421904004242906390877751259612834792,0.00038809168089376,76,0.025614050938988
77,WAG002037,Presynaptic depolarization and calcium channel opening,WikiPathway_2021,11,Homo sapiens,Presynaptic depolarization and calcium channel opening,https://www.wikipathways.org/index.php/Pathway:WP1800,P,1333,4,2045.625318,.0746434403919433859553620032661948829613,0.00050140107680956,78,0.032591069992621
78,WAG002936,LTF danger signal response pathway,WikiPathway_2021,19,Homo sapiens,LTF danger signal response pathway,https://www.wikipathways.org/index.php/Pathway:WP4478,P,1333,5,2300.457239,.0550167906349056899852493487744405737061,0.00050695978638439,79,0.032445426328601
79,WAG002250,Signaling by NODAL,WikiPathway_2021,20,Homo sapiens,Signaling by NODAL,https://www.wikipathways.org/index.php/Pathway:WP2675,P,1333,5,1031.392915,.0523837902264600715137067938021454112038,0.00065061710685828,80,0.040988877732072
80,WAG002906,Synthesis of Lipoxins (LX),WikiPathway_2021,6,Homo sapiens,Synthesis of Lipoxins (LX),https://www.wikipathways.org/index.php/Pathway:WP4434,P,1333,3,135.9107791,.1014405762304921968787515006002400960384,0.00094398836382707,81,0.058527278557278
81,WAG002347,Mammary gland development pathway - Puberty (Stage 2 of 4),WikiPathway_2021,13,Homo sapiens,Mammary gland development pathway - Puberty (Stage 2 of 4),https://www.wikipathways.org/index.php/Pathway:WP2814,P,1333,4,1176.588987,.0634523371365476628634523371365476628634,0.0010064429548541,82,0.061393020246097
82,WAG002716,Receptor-type tyrosine-protein phosphatases,WikiPathway_2021,13,Homo sapiens,Receptor-type tyrosine-protein phosphatases,https://www.wikipathways.org/index.php/Pathway:WP4046,P,1333,4,29.05602923,.0634523371365476628634523371365476628634,0.0010064429548541,82,0.060386577291243
83,WAG003233,Familial hyperlipidemia type 3,WikiPathway_2021,13,Homo sapiens,Familial hyperlipidemia type 3,https://www.wikipathways.org/index.php/Pathway:WP5110,P,1333,4,2904.458382,.0634523371365476628634523371365476628634,0.0010064429548541,82,0.059380134336389
84,WAG002808,Mevalonate arm of cholesterol biosynthesis pathway with inhibitors,WikiPathway_2021,2,Homo sapiens,Mevalonate arm of cholesterol biosynthesis pathway with inhibitors,https://www.wikipathways.org/index.php/Pathway:WP4189,P,1333,2,126.2105263,.200962116656644618159951894167167769092,0.001410626839989,85,0.081816356719362
85,WAG002629,Nanomaterial-induced inflammasome activation,WikiPathway_2021,7,Homo sapiens,Nanomaterial-induced inflammasome activation,https://www.wikipathways.org/index.php/Pathway:WP3890,P,1333,3,367.8049947,.0871539977718741965892535778558573999486,0.0015900196693028,86,0.090631121150257
86,WAG002677,Mevalonate pathway,WikiPathway_2021,7,Homo sapiens,Mevalonate pathway,https://www.wikipathways.org/index.php/Pathway:WP3963,P,1333,3,1521.24178,.0871539977718741965892535778558573999486,0.0015900196693028,86,0.089041101480954
87,WAG003077,Activation of NLRP3 inflammasome by SARS-CoV-2,WikiPathway_2021,7,Homo sapiens,Activation of NLRP3 inflammasome by SARS-CoV-2,https://www.wikipathways.org/index.php/Pathway:WP4876,P,1333,3,671.5128418,.0871539977718741965892535778558573999486,0.0015900196693028,86,0.087451081811652
88,WAG002391,Transcriptional activation by NRF2 in response to phytochemicals,WikiPathway_2021,15,Homo sapiens,Transcriptional activation by NRF2 in response to phytochemicals,https://www.wikipathways.org/index.php/Pathway:WP3,P,1333,4,702.9769938,.0552449223416965352449223416965352449223,0.0017800247650657,89,0.096121337313548
89,WAG002614,ERK pathway in Huntington's disease,WikiPathway_2021,15,Homo sapiens,ERK pathway in Huntington's disease,https://www.wikipathways.org/index.php/Pathway:WP3853,P,1333,4,575.5535704,.0552449223416965352449223416965352449223,0.0017800247650657,89,0.094341312548482
90,WAG002674,GPR40 pathway,WikiPathway_2021,15,Homo sapiens,GPR40 pathway,https://www.wikipathways.org/index.php/Pathway:WP3958,P,1333,4,2047.696388,.0552449223416965352449223416965352449223,0.0017800247650657,89,0.092561287783417
91,WAG003163,"GPCRs, class C metabotropic glutamate, pheromone",WikiPathway_2021,15,Homo sapiens,"GPCRs, class C metabotropic glutamate, pheromone",https://www.wikipathways.org/index.php/Pathway:WP501,P,1333,4,603.3126936,.0552449223416965352449223416965352449223,0.0017800247650657,89,0.090781263018351
92,WAG003198,FOXP3 in COVID-19,WikiPathway_2021,15,Homo sapiens,FOXP3 in COVID-19,https://www.wikipathways.org/index.php/Pathway:WP5063,P,1333,4,2771.343244,.0552449223416965352449223416965352449223,0.0017800247650657,89,0.089001238253285
93,WAG002817,Tryptophan catabolism leading to NAD+ production,WikiPathway_2021,16,Homo sapiens,Tryptophan catabolism leading to NAD+ production,https://www.wikipathways.org/index.php/Pathway:WP4210,P,1333,4,488.7078721,.0519104477611940298507462686567164179104,0.0022843852284418,94,0.11193487619365
94,WAG003013,Pathways of nucleic acid metabolism and innate immune sensing,WikiPathway_2021,16,Homo sapiens,Pathways of nucleic acid metabolism and innate immune sensing,https://www.wikipathways.org/index.php/Pathway:WP4705,P,1333,4,518.042185,.0519104477611940298507462686567164179104,0.0022843852284418,94,0.10965049096521
95,WAG002199,NAD biosynthesis II (from tryptophan),WikiPathway_2021,8,Homo sapiens,NAD biosynthesis II (from tryptophan),https://www.wikipathways.org/index.php/Pathway:WP2485,P,1333,3,583.0579879,.0764388489208633093525179856115107913669,0.0024486116091268,96,0.11508474562896
96,WAG003177,Amino acid transport defects (IEMs),WikiPathway_2021,8,Homo sapiens,Amino acid transport defects (IEMs),https://www.wikipathways.org/index.php/Pathway:WP5029,P,1333,3,135.5873151,.0764388489208633093525179856115107913669,0.0024486116091268,96,0.11263613401983
97,WAG002931,OAS antiviral response,WikiPathway_2021,9,Homo sapiens,OAS antiviral response,https://www.wikipathways.org/index.php/Pathway:WP4460,P,1333,3,874.0637183,.0681046534851208308368284401837427601358,0.0035351529265645,98,0.1590818816954
98,WAG003039,Somitogenesis in the context of spondylocostal dysostosis,WikiPathway_2021,9,Homo sapiens,Somitogenesis in the context of spondylocostal dysostosis,https://www.wikipathways.org/index.php/Pathway:WP4785,P,1333,3,1033.005531,.0681046534851208308368284401837427601358,0.0035351529265645,98,0.15554672876884
99,WAG002011,Folate-alcohol and cancer pathway hypotheses,WikiPathway_2021,10,Homo sapiens,Folate-alcohol and cancer pathway hypotheses,https://www.wikipathways.org/index.php/Pathway:WP1589,P,1333,3,136.7340513,.0614371257485029940119760479041916167665,0.0048607896285229,100,0.20901395402649
100,WAG002526,Lipid particles composition,WikiPathway_2021,10,Homo sapiens,Lipid particles composition,https://www.wikipathways.org/index.php/Pathway:WP3601,P,1333,3,3970.290968,.0614371257485029940119760479041916167665,0.0048607896285229,100,0.20415316439796
101,WAG002641,WikiPathways Academy: met-1-indirect,WikiPathway_2021,10,Homo sapiens,WikiPathways Academy: met-1-indirect,https://www.wikipathways.org/index.php/Pathway:WP3909,P,1333,3,3282.931147,.0614371257485029940119760479041916167665,0.0048607896285229,100,0.19929237476944
102,WAG002098,Signal regulatory protein family interactions,WikiPathway_2021,11,Homo sapiens,Signal regulatory protein family interactions,https://www.wikipathways.org/index.php/Pathway:WP1909,P,1333,3,675.3076169,.0559817202546107393504161906316304880039,0.0064328852008142,103,0.25731540803257
103,WAG002361,Gene regulatory network modelling somitogenesis,WikiPathway_2021,11,Homo sapiens,Gene regulatory network modelling somitogenesis,https://www.wikipathways.org/index.php/Pathway:WP2854,P,1333,3,671.3684429,.0559817202546107393504161906316304880039,0.0064328852008142,103,0.25088252283175
104,WAG002403,EV release from cardiac cells and their functional effects,WikiPathway_2021,11,Homo sapiens,EV release from cardiac cells and their functional effects,https://www.wikipathways.org/index.php/Pathway:WP3297,P,1333,3,40.06531205,.0559817202546107393504161906316304880039,0.0064328852008142,103,0.24444963763094
105,WAG002847,"Cholesterol biosynthesis, regulation and transport",WikiPathway_2021,11,Homo sapiens,"Cholesterol biosynthesis, regulation and transport",https://www.wikipathways.org/index.php/Pathway:WP4281,P,1333,3,3359.28873,.0559817202546107393504161906316304880039,0.0064328852008142,103,0.23801675243013
106,WAG003155,Creatine metabolism,WikiPathway_2021,11,Homo sapiens,Creatine metabolism,https://www.wikipathways.org/index.php/Pathway:WP5002,P,1333,3,471.5533523,.0559817202546107393504161906316304880039,0.0064328852008142,103,0.23158386722931
107,WAG002078,Neurotransmitter uptake and metabolism In glial cells,WikiPathway_2021,4,Homo sapiens,Neurotransmitter uptake and metabolism In glial cells,https://www.wikipathways.org/index.php/Pathway:WP1872,P,1333,2,282.0030286,.100960960960960960960960960960960960961,0.0078404555234499,108,0.27441594332075
108,WAG002452,"TET1,2,3 and TDG demethylate DNA",WikiPathway_2021,4,Homo sapiens,"TET1,2,3 and TDG demethylate DNA",https://www.wikipathways.org/index.php/Pathway:WP3372,P,1333,2,0,.100960960960960960960960960960960960961,0.0078404555234499,108,0.2665754877973
109,WAG001977,Alanine and aspartate metabolism,WikiPathway_2021,12,Homo sapiens,Alanine and aspartate metabolism,https://www.wikipathways.org/index.php/Pathway:WP106,P,1333,3,1470.608737,.0514354066985645933014354066985645933014,0.008255443944607,110,0.27242965017203
110,WAG001991,Bone morphogenic protein (BMP) signaling and regulation,WikiPathway_2021,12,Homo sapiens,Bone morphogenic protein (BMP) signaling and regulation,https://www.wikipathways.org/index.php/Pathway:WP1425,P,1333,3,2511.666724,.0514354066985645933014354066985645933014,0.008255443944607,110,0.26417420622742
111,WAG002090,Rap1 signaling,WikiPathway_2021,12,Homo sapiens,Rap1 signaling,https://www.wikipathways.org/index.php/Pathway:WP1895,P,1333,3,1130.188885,.0514354066985645933014354066985645933014,0.008255443944607,110,0.25591876228282
112,WAG002428,"POU5F1 (OCT4), SOX2, NANOG activate genes related to proliferation",WikiPathway_2021,12,Homo sapiens,"POU5F1 (OCT4), SOX2, NANOG activate genes related to proliferation",https://www.wikipathways.org/index.php/Pathway:WP3333,P,1333,3,650.1565259,.0514354066985645933014354066985645933014,0.008255443944607,110,0.24766331833821
113,WAG003131,Aspartate and asparagine metabolism,WikiPathway_2021,12,Homo sapiens,Aspartate and asparagine metabolism,https://www.wikipathways.org/index.php/Pathway:WP4979,P,1333,3,149.5819249,.0514354066985645933014354066985645933014,0.008255443944607,110,0.2394078743936
114,WAG002524,miR-517 relationship with ARCN1 and USP1,WikiPathway_2021,5,Homo sapiens,miR-517 relationship with ARCN1 and USP1,https://www.wikipathways.org/index.php/Pathway:WP3596,P,1333,2,87.44027304,.0809603841536614645858343337334933973589,0.012577039428954,115,0.35215710401072
115,WAG002744,Reelin signaling pathway,WikiPathway_2021,5,Homo sapiens,Reelin signaling pathway,https://www.wikipathways.org/index.php/Pathway:WP4083,P,1333,2,663.6583114,.0809603841536614645858343337334933973589,0.012577039428954,115,0.33958006458177
116,WAG003200,SARS-CoV-2 altering angiogenesis via NRP1,WikiPathway_2021,5,Homo sapiens,SARS-CoV-2 altering angiogenesis via NRP1,https://www.wikipathways.org/index.php/Pathway:WP5065,P,1333,2,188.558608,.0809603841536614645858343337334933973589,0.012577039428954,115,0.32700302515281
117,WAG002668,Robo4 and VEGF signaling pathways crosstalk,WikiPathway_2021,6,Homo sapiens,Robo4 and VEGF signaling pathways crosstalk,https://www.wikipathways.org/index.php/Pathway:WP3943,P,1333,2,416.5510959,.0676264747050589882023595280943811237753,0.018157567870561,118,0.45393919676403
