,GS_ID,NAME,SOURCE,GS_SIZE,ORGANISM,DESCRIPTION,LINK,TYPE,MULTI_N,OLAP,COCO_V2,SIMILARITY_SCORE,pvalue,Rank,pFDR
0,WAG002718,Neutrophil degranulation,WikiPathway_2021,474,Homo sapiens,Neutrophil degranulation,https://www.wikipathways.org/index.php/Pathway:WP4049,P,1333,120,172.7292014,.0838279321392930300961184936183623089448,1.7324015801786e-44,1,5.4224169459589e-42
1,WAG002628,VEGFA-VEGFR2 signaling pathway,WikiPathway_2021,438,Homo sapiens,VEGFA-VEGFR2 signaling pathway,https://www.wikipathways.org/index.php/Pathway:WP3888,P,1333,97,980.8100106,.0712460408468820826612487529758081271878,3.9315214615358e-31,2,1.2266346959992e-28
2,WAG003066,Endothelin pathway,WikiPathway_2021,194,Homo sapiens,Endothelin pathway,https://www.wikipathways.org/index.php/Pathway:WP4857,P,1333,56,968.3903924,.0744733638450988550382938067279983973618,1.5314505018395e-24,3,4.762811060721e-22
3,WAG002670,TYROBP causal network in microglia,WikiPathway_2021,60,Homo sapiens,TYROBP causal network in microglia,https://www.wikipathways.org/index.php/Pathway:WP3945,P,1333,32,221.1523998,.1166432839698623018965965185762535723565,3.1322598849433e-24,4,9.7100056433242e-22
4,WAG002820,Ebola virus pathway in host,WikiPathway_2021,131,Homo sapiens,Ebola virus pathway in host,https://www.wikipathways.org/index.php/Pathway:WP4217,P,1333,45,650.3115529,.082421802271457829082107614969279463787,1.8411185251773e-23,5,5.6890562427977e-21
5,WAG003032,PodNet: protein-protein interactions in the podocyte,WikiPathway_2021,301,Homo sapiens,PodNet: protein-protein interactions in the podocyte,https://www.wikipathways.org/index.php/Pathway:WP4755,P,1333,67,843.8242674,.0638544917614685056545521661800731568173,4.35864856855e-22,6,1.3424637591134e-19
6,WAG003212,Malignant pleural mesothelioma,WikiPathway_2021,430,Homo sapiens,Malignant pleural mesothelioma,https://www.wikipathways.org/index.php/Pathway:WP5087,P,1333,82,1643.647427,.0608699576141436606552885622653064513529,4.4601220137653e-22,7,1.3692574582259e-19
7,WAG002393,Focal adhesion,WikiPathway_2021,199,Homo sapiens,Focal adhesion,https://www.wikipathways.org/index.php/Pathway:WP306,P,1333,52,4929.347674,.0677547888417880838082404574080832467739,9.41932993665e-21,8,2.8823149606149e-18
8,WAG002093,Response to elevated platelet cytosolic Ca2+,WikiPathway_2021,114,Homo sapiens,Response to elevated platelet cytosolic Ca2+,https://www.wikipathways.org/index.php/Pathway:WP1903,P,1333,39,1050.481974,.0803613511390416339355852317360565593087,1.8353428890854e-20,9,5.5977958117104e-18
9,WAG002659,Focal adhesion: PI3K-Akt-mTOR-signaling pathway,WikiPathway_2021,303,Homo sapiens,Focal adhesion: PI3K-Akt-mTOR-signaling pathway,https://www.wikipathways.org/index.php/Pathway:WP3932,P,1333,64,2281.29567,.0606813868279157768135473972316208934541,6.449754178556e-20,10,1.960725270281e-17
10,WAG003238,Network map of SARS-CoV-2 signaling pathway,WikiPathway_2021,226,Homo sapiens,Network map of SARS-CoV-2 signaling pathway,https://www.wikipathways.org/index.php/Pathway:WP5115,P,1333,54,1086.742255,.0637285700290631224896319759657773568886,1.4330638686969e-19,11,4.3421835221515e-17
11,WAG002186,Brain-derived neurotrophic factor (BDNF) signaling pathway,WikiPathway_2021,144,Homo sapiens,Brain-derived neurotrophic factor (BDNF) signaling pathway,https://www.wikipathways.org/index.php/Pathway:WP2380,P,1333,40,2476.639133,.0676675918916645638825805366304987803853,2.5198965206373e-17,12,7.6100874923246e-15
12,WAG002805,PI3K-Akt signaling pathway,WikiPathway_2021,341,Homo sapiens,PI3K-Akt signaling pathway,https://www.wikipathways.org/index.php/Pathway:WP4172,P,1333,64,2517.238566,.0557249339785293489527718600084382471365,3.2299252580088e-17,13,9.7220750266064e-15
13,WAG002596,MAPK signaling pathway,WikiPathway_2021,246,Homo sapiens,MAPK signaling pathway,https://www.wikipathways.org/index.php/Pathway:WP382,P,1333,53,2353.344169,.0586148794479522971721844644297779484569,3.7576509649908e-17,14,1.1272952894972e-14
14,WAG002340,Regulation of IGF transport and uptake by IGF binding proteins,WikiPathway_2021,126,Homo sapiens,Regulation of IGF transport and uptake by IGF binding proteins,https://www.wikipathways.org/index.php/Pathway:WP2799,P,1333,37,563.9224936,.0699977643639615470601386094343840822714,5.2535208159428e-17,15,1.5708027239669e-14
15,WAG002380,Nuclear receptors meta-pathway,WikiPathway_2021,318,Homo sapiens,Nuclear receptors meta-pathway,https://www.wikipathways.org/index.php/Pathway:WP2882,P,1333,61,566.0944592,.0558245294269866450647494965178159561661,6.0074319450906e-17,16,1.790214719637e-14
16,WAG003219,Orexin receptor pathway,WikiPathway_2021,156,Homo sapiens,Orexin receptor pathway,https://www.wikipathways.org/index.php/Pathway:WP5094,P,1333,41,370.2991071,.0649274647955386741666425043733750857762,8.6878533742537e-17,17,2.5802924521533e-14
17,WAG002771,Post-translational protein phosphorylation,WikiPathway_2021,109,Homo sapiens,Post-translational protein phosphorylation,https://www.wikipathways.org/index.php/Pathway:WP4110,P,1333,34,393.5992182,.0727948121074233630717267578831319759706,1.2320683190473e-16,18,3.6469222243801e-14
18,WAG002173,Allograft Rejection,WikiPathway_2021,94,Homo sapiens,Allograft Rejection,https://www.wikipathways.org/index.php/Pathway:WP2328,P,1333,31,1120.605639,.075492241118391453368998830237142833771,4.598779786621e-16,19,1.3566400370532e-13
19,WAG003215,Complement system in neuronal development and plasticity,WikiPathway_2021,107,Homo sapiens,Complement system in neuronal development and plasticity,https://www.wikipathways.org/index.php/Pathway:WP5090,P,1333,33,615.5747012,.0717894405404244965722545834466373745903,4.9874626464021e-16,20,1.4663140180422e-13
20,WAG003063,AXL signaling pathway,WikiPathway_2021,95,Homo sapiens,AXL signaling pathway,https://www.wikipathways.org/index.php/Pathway:WP4847,P,1333,31,919.372195,.0747942877948137060560702293782110926818,6.4388747346344e-16,21,1.8865902972479e-13
21,WAG002133,miR-targeted genes in lymphocytes,WikiPathway_2021,485,Homo sapiens,miR-targeted genes in lymphocytes,https://www.wikipathways.org/index.php/Pathway:WP2004,P,1333,76,26.66337642,.0519713565079287340961802846858066389374,1.2293704417638e-15,22,3.5897616899502e-13
22,WAG002134,miR-targeted genes in muscle cell,WikiPathway_2021,398,Homo sapiens,miR-targeted genes in muscle cell,https://www.wikipathways.org/index.php/Pathway:WP2005,P,1333,67,26.09480187,.052350809467343689517647491553270009861,1.673015259928e-15,23,4.8684744063906e-13
23,WAG003196,Burn wound healing,WikiPathway_2021,107,Homo sapiens,Burn wound healing,https://www.wikipathways.org/index.php/Pathway:WP5055,P,1333,32,1347.149916,.0696102521182727627141073925841675876548,3.64751891096e-15,24,1.0577804841784e-12
24,WAG003031,IL-18 signaling pathway,WikiPathway_2021,274,Homo sapiens,IL-18 signaling pathway,https://www.wikipathways.org/index.php/Pathway:WP4754,P,1333,52,721.1273768,.0530286681476779858246059452025811911562,1.7301799288046e-14,25,5.0002199942453e-12
25,WAG002732,Interleukin-4 and Interleukin-13 signaling,WikiPathway_2021,107,Homo sapiens,Interleukin-4 and Interleukin-13 signaling,https://www.wikipathways.org/index.php/Pathway:WP4066,P,1333,31,2929.28819,.0674313009031169332637344564494561991863,2.551616865271e-14,26,7.3486565719805e-12
26,WAG002032,Cell surface interactions at the vascular wall,WikiPathway_2021,126,Homo sapiens,Cell surface interactions at the vascular wall,https://www.wikipathways.org/index.php/Pathway:WP1794,P,1333,33,725.2023918,.0624151599066080251941141336808383558669,9.091878355224e-14,27,2.6093690879493e-11
27,WAG003265,Calcium regulation in cardiac cells,WikiPathway_2021,150,Homo sapiens,Calcium regulation in cardiac cells,https://www.wikipathways.org/index.php/Pathway:WP536,P,1333,36,2275.183822,.058859728506787330316742081447963800905,1.2458232146531e-13,28,3.5630543939079e-11
28,WAG002322,Degradation of the extracellular matrix,WikiPathway_2021,74,Homo sapiens,Degradation of the extracellular matrix,https://www.wikipathways.org/index.php/Pathway:WP2774,P,1333,25,647.4672109,.0752985300723994191330874747960175095854,1.6286429014541e-13,29,4.6416322691441e-11
29,WAG002414,EPH-Ephrin signaling,WikiPathway_2021,90,Homo sapiens,EPH-Ephrin signaling,https://www.wikipathways.org/index.php/Pathway:WP3309,P,1333,27,1732.79978,.0683044982698961937716262975778546712803,4.5555433732423e-13,30,1.2937743180008e-10
30,WAG002345,Complement system,WikiPathway_2021,97,Homo sapiens,Complement system,https://www.wikipathways.org/index.php/Pathway:WP2806,P,1333,28,948.6903875,.0663242103931129117087618979828297327971,4.8836593215162e-13,31,1.3820755879891e-10
31,WAG003294,Sudden infant death syndrome (SIDS) susceptibility pathways,WikiPathway_2021,160,Homo sapiens,Sudden infant death syndrome (SIDS) susceptibility pathways,https://www.wikipathways.org/index.php/Pathway:WP706,P,1333,36,520.3515382,.0558189331329827197595792637114951164538,9.6826923754967e-13,32,2.7305192498901e-10
32,WAG002384,Myometrial relaxation and contraction pathways,WikiPathway_2021,157,Homo sapiens,Myometrial relaxation and contraction pathways,https://www.wikipathways.org/index.php/Pathway:WP289,P,1333,35,1407.205219,.0551123030506201810258129399932953402615,2.619584021577e-12,33,7.3610311006313e-10
33,WAG002253,MHC class II antigen presentation,WikiPathway_2021,98,Homo sapiens,MHC class II antigen presentation,https://www.wikipathways.org/index.php/Pathway:WP2679,P,1333,27,1313.778784,.0633810749290133838127048442987773875361,4.2189564053204e-12,34,1.1813077934897e-09
34,WAG002284,Collagen biosynthesis and modifying enzymes,WikiPathway_2021,67,Homo sapiens,Collagen biosynthesis and modifying enzymes,https://www.wikipathways.org/index.php/Pathway:WP2725,P,1333,22,9486.083749,.072485424214583297218899694327433679454,8.6429675176945e-12,35,2.4113879374368e-09
35,WAG002027,Asparagine N-linked glycosylation,WikiPathway_2021,125,Homo sapiens,Asparagine N-linked glycosylation,https://www.wikipathways.org/index.php/Pathway:WP1785,P,1333,30,504.6386845,.0571150778579567033801747056589441701481,1.2844359866618e-11,36,3.5707320429197e-09
36,WAG002061,L1CAM interactions,WikiPathway_2021,96,Homo sapiens,L1CAM interactions,https://www.wikipathways.org/index.php/Pathway:WP1843,P,1333,26,884.1341834,.0621421267893660531697341513292433537833,1.5861600830925e-11,37,4.3936634301661e-09
37,WAG002996,Measles virus infection,WikiPathway_2021,136,Homo sapiens,Measles virus infection,https://www.wikipathways.org/index.php/Pathway:WP4630,P,1333,31,2577.250256,.0549715118737619906078208809062785159467,2.435416000565e-11,38,6.7217481615594e-09
38,WAG003224,Regulation of actin cytoskeleton,WikiPathway_2021,153,Homo sapiens,Regulation of actin cytoskeleton,https://www.wikipathways.org/index.php/Pathway:WP51,P,1333,33,2049.987578,.0530695348116673305891205240561235780994,2.7444247348895e-11,39,7.5471680209462e-09
39,WAG002278,Fcgamma receptor (FCGR) dependent phagocytosis,WikiPathway_2021,84,Homo sapiens,Fcgamma receptor (FCGR) dependent phagocytosis,https://www.wikipathways.org/index.php/Pathway:WP2719,P,1333,24,2402.721131,.0645331573738040250742329264269218079841,2.7521400620619e-11,40,7.5408637700497e-09
40,WAG002554,TGF-beta signaling pathway,WikiPathway_2021,132,Homo sapiens,TGF-beta signaling pathway,https://www.wikipathways.org/index.php/Pathway:WP366,P,1333,30,2520.463275,.0545454545454545454545454545454545454546,5.4425368834488e-11,41,1.4858125691815e-08
41,WAG002587,Cardiac conduction,WikiPathway_2021,125,Homo sapiens,Cardiac conduction,https://www.wikipathways.org/index.php/Pathway:WP3810,P,1333,29,382.9056777,.055207896735003796507213363705391040243,6.6602280535953e-11,42,1.8115820305779e-08
42,WAG002588,Smooth Muscle Contraction,WikiPathway_2021,38,Homo sapiens,Smooth Muscle Contraction,https://www.wikipathways.org/index.php/Pathway:WP3811,P,1333,16,2045.981858,.0892105263157894736842105263157894736842,7.9762464553428e-11,43,2.1615627893979e-08
43,WAG002267,Extracellular matrix organization,WikiPathway_2021,81,Homo sapiens,Extracellular matrix organization,https://www.wikipathways.org/index.php/Pathway:WP2703,P,1333,23,2506.745129,.0638779508836006011147254085107192451825,8.0784061619146e-11,44,2.181169663717e-08
44,WAG003001,Small cell lung cancer,WikiPathway_2021,96,Homo sapiens,Small cell lung cancer,https://www.wikipathways.org/index.php/Pathway:WP4658,P,1333,25,2330.055573,.0597491056598952344448703206848089945062,9.6284752252573e-11,45,2.5900598355942e-08
45,WAG002381,NRF2 pathway,WikiPathway_2021,144,Homo sapiens,NRF2 pathway,https://www.wikipathways.org/index.php/Pathway:WP2884,P,1333,31,365.8216453,.052410515947860346200595163250764910516,1.1213569402546e-10,46,3.0052365998822e-08
46,WAG003276,Senescence and autophagy in cancer,WikiPathway_2021,105,Homo sapiens,Senescence and autophagy in cancer,https://www.wikipathways.org/index.php/Pathway:WP615,P,1333,26,1159.255437,.0574718416216314573211783758210964936223,1.3672287838519e-10,47,3.6505008528846e-08
47,WAG002663,Microglia pathogen phagocytosis pathway,WikiPathway_2021,40,Homo sapiens,Microglia pathogen phagocytosis pathway,https://www.wikipathways.org/index.php/Pathway:WP3937,P,1333,16,3801.214983,.0849960967993754879000780640124902419984,2.0044017800657e-10,48,5.3317087349746e-08
48,WAG003210,Neuroinflammation and glutamatergic signaling,WikiPathway_2021,140,Homo sapiens,Neuroinflammation and glutamatergic signaling,https://www.wikipathways.org/index.php/Pathway:WP5083,P,1333,30,1248.281118,.0519205869659041864479930945187742770825,2.483649511102e-10,49,6.5816712044203e-08
49,WAG002055,Interferon gamma signaling,WikiPathway_2021,86,Homo sapiens,Interferon gamma signaling,https://www.wikipathways.org/index.php/Pathway:WP1836,P,1333,23,1967.282995,.060562574322934828286079593716191446939,2.9859550305153e-10,50,7.8829212805604e-08
50,WAG002702,Clear cell renal cell carcinoma pathways,WikiPathway_2021,86,Homo sapiens,Clear cell renal cell carcinoma pathways,https://www.wikipathways.org/index.php/Pathway:WP4018,P,1333,23,986.5215197,.060562574322934828286079593716191446939,2.9859550305153e-10,50,7.8530617302553e-08
51,WAG002104,Signaling by VEGF,WikiPathway_2021,101,Homo sapiens,Signaling by VEGF,https://www.wikipathways.org/index.php/Pathway:WP1919,P,1333,25,2219.965617,.0571560599059140803139227465210178248123,3.0799525147935e-10,52,8.0694755887591e-08
52,WAG003269,Complement and coagulation cascades,WikiPathway_2021,59,Homo sapiens,Complement and coagulation cascades,https://www.wikipathways.org/index.php/Pathway:WP558,P,1333,19,3112.364527,.0703028231055475930625501308332566304191,3.2291243754371e-10,53,8.4280146198909e-08
53,WAG002633,Dengue-2 interactions with complement and coagulation cascades,WikiPathway_2021,60,Homo sapiens,Dengue-2 interactions with complement and coagulation cascades,https://www.wikipathways.org/index.php/Pathway:WP3896,P,1333,19,3077.501414,.069227090603593123949851363577614062298,4.4562709566692e-10,54,1.158630448734e-07
54,WAG002298,Glycosaminoglycan metabolism,WikiPathway_2021,120,Homo sapiens,Glycosaminoglycan metabolism,https://www.wikipathways.org/index.php/Pathway:WP2743,P,1333,27,1407.620999,.0532098061573546180159635119726339794755,6.0710174421603e-10,55,1.5723935175195e-07
55,WAG002155,Arrhythmogenic right ventricular cardiomyopathy,WikiPathway_2021,75,Homo sapiens,Arrhythmogenic right ventricular cardiomyopathy,https://www.wikipathways.org/index.php/Pathway:WP2118,P,1333,21,2377.465957,.0624814814814814814814814814814814814815,6.9434441884351e-10,56,1.7914086006163e-07
56,WAG002190,Spinal cord injury,WikiPathway_2021,121,Homo sapiens,Spinal cord injury,https://www.wikipathways.org/index.php/Pathway:WP2431,P,1333,27,912.2650552,.0528347861036449044185988093144766258886,7.3703076087745e-10,57,1.894169055455e-07
57,WAG003130,Response of EIF2AK1 (HRI) to heme deficiency,WikiPathway_2021,15,Homo sapiens,Response of EIF2AK1 (HRI) to heme deficiency,https://www.wikipathways.org/index.php/Pathway:WP4978,P,1333,10,531.5026327,.1364792240136321929479617249967230305413,8.4501927847973e-10,58,2.1632493529081e-07
58,WAG002970,Hippo-Merlin signaling dysregulation,WikiPathway_2021,122,Homo sapiens,Hippo-Merlin signaling dysregulation,https://www.wikipathways.org/index.php/Pathway:WP4541,P,1333,27,1230.322057,.0524658651541282461569113334537054908382,8.9266367568553e-10,59,2.2762923729981e-07
59,WAG002053,Integration of energy metabolism,WikiPathway_2021,107,Homo sapiens,Integration of energy metabolism,https://www.wikipathways.org/index.php/Pathway:WP1831,P,1333,25,2775.569601,.0543625597488763644146393664835556823856,1.1184735304619e-09,60,2.8409227673732e-07
60,WAG002854,Acute viral myocarditis,WikiPathway_2021,86,Homo sapiens,Acute viral myocarditis,https://www.wikipathways.org/index.php/Pathway:WP4298,P,1333,22,2034.219614,.0579268183686967091503852135209052070858,1.7769755433985e-09,61,4.4957481247982e-07
61,WAG002666,Oxidative damage response,WikiPathway_2021,40,Homo sapiens,Oxidative damage response,https://www.wikipathways.org/index.php/Pathway:WP3941,P,1333,15,791.6649142,.0796820132657042528287163480296527506828,2.1203853808091e-09,62,5.3433711596388e-07
62,WAG002063,Integrin-mediated cell adhesion,WikiPathway_2021,103,Homo sapiens,Integrin-mediated cell adhesion,https://www.wikipathways.org/index.php/Pathway:WP185,P,1333,24,3911.521659,.0539385867609469080062771052602290475643,2.5122437924783e-09,63,6.3057319191206e-07
63,WAG002054,Interferon alpha/beta signaling,WikiPathway_2021,54,Homo sapiens,Interferon alpha/beta signaling,https://www.wikipathways.org/index.php/Pathway:WP1835,P,1333,17,8166.916961,.0682445163610212153901474289823804386912,3.997874278852e-09,64,9.99468569713e-07
64,WAG002051,Immunoregulatory interactions between lymphoid and non-lymphoid cells,WikiPathway_2021,107,Homo sapiens,Immunoregulatory interactions between lymphoid and non-lymphoid cells,https://www.wikipathways.org/index.php/Pathway:WP1829,P,1333,24,612.315199,.0521852613862868919974184070430420008058,5.5806555788879e-09,65,1.3895832391431e-06
65,WAG002096,Semaphorin interactions,WikiPathway_2021,63,Homo sapiens,Semaphorin interactions,https://www.wikipathways.org/index.php/Pathway:WP1907,P,1333,18,1367.747574,.06271777003484320557491289198606271777,7.825596704526e-09,66,1.9407479827224e-06
66,WAG002532,Photodynamic therapy-induced AP-1 survival signaling.,WikiPathway_2021,50,Homo sapiens,Photodynamic therapy-induced AP-1 survival signaling.,https://www.wikipathways.org/index.php/Pathway:WP3611,P,1333,16,3337.111242,.0689766718506998444790046656298600311042,8.7281758329509e-09,67,2.1558594307389e-06
67,WAG003129,Extra-nuclear estrogen signaling,WikiPathway_2021,72,Homo sapiens,Extra-nuclear estrogen signaling,https://www.wikipathways.org/index.php/Pathway:WP4977,P,1333,19,3371.001639,.0586442386037137098503366353617222007805,1.2690655232412e-08,68,3.1219011871734e-06
68,WAG002366,Apoptosis-related network due to altered Notch3 in ovarian cancer,WikiPathway_2021,53,Homo sapiens,Apoptosis-related network due to altered Notch3 in ovarian cancer,https://www.wikipathways.org/index.php/Pathway:WP2864,P,1333,16,570.799701,.0653482322769738047261403187396959150028,2.2063752309177e-08,69,5.4056193157485e-06
69,WAG002484,G protein signaling pathways,WikiPathway_2021,93,Homo sapiens,G protein signaling pathways,https://www.wikipathways.org/index.php/Pathway:WP35,P,1333,21,4952.023671,.0515980719317760474601408972932888394512,4.2461588770513e-08,70,1.0360627660005e-05
70,WAG002164,Pathogenic Escherichia coli infection,WikiPathway_2021,56,Homo sapiens,Pathogenic Escherichia coli infection,https://www.wikipathways.org/index.php/Pathway:WP2272,P,1333,16,1044.371955,.0621079463593040008866230743655103624071,5.1902595153766e-08,71,1.2612330622365e-05
71,WAG003071,Type I interferon induction and signaling during SARS-CoV-2 infection,WikiPathway_2021,31,Homo sapiens,Type I interferon induction and signaling during SARS-CoV-2 infection,https://www.wikipathways.org/index.php/Pathway:WP4868,P,1333,12,3061.908308,.0811737545258430368249082215802288468088,5.6887072348172e-08,72,1.3766671508258e-05
72,WAG002216,Primary focal segmental glomerulosclerosis (FSGS),WikiPathway_2021,72,Homo sapiens,Primary focal segmental glomerulosclerosis (FSGS),https://www.wikipathways.org/index.php/Pathway:WP2572,P,1333,18,624.8784873,.0555555555555555555555555555555555555556,7.3842864175157e-08,73,1.7796130266213e-05
73,WAG002514,trans-Golgi Network Vesicle Budding,WikiPathway_2021,72,Homo sapiens,trans-Golgi Network Vesicle Budding,https://www.wikipathways.org/index.php/Pathway:WP3578,P,1333,18,1136.405547,.0555555555555555555555555555555555555556,7.3842864175157e-08,73,1.7722287402038e-05
74,WAG003118,p53 transcriptional gene network,WikiPathway_2021,72,Homo sapiens,p53 transcriptional gene network,https://www.wikipathways.org/index.php/Pathway:WP4963,P,1333,18,81.19217032,.0555555555555555555555555555555555555556,7.3842864175157e-08,73,1.7648444537862e-05
75,WAG002946,Cells and molecules involved in local acute inflammatory response,WikiPathway_2021,17,Homo sapiens,Cells and molecules involved in local acute inflammatory response,https://www.wikipathways.org/index.php/Pathway:WP4493,P,1333,9,1656.327624,.108710318377154475301511020747654914283,1.0032168245825e-07,76,2.3876560425063e-05
76,WAG002172,AGE/RAGE pathway,WikiPathway_2021,66,Homo sapiens,AGE/RAGE pathway,https://www.wikipathways.org/index.php/Pathway:WP2324,P,1333,17,3857.515617,.0567722060184371742160686884304974757236,1.0543790704866e-07,77,2.4988783970531e-05
77,WAG002534,Photodynamic therapy-induced unfolded protein response,WikiPathway_2021,27,Homo sapiens,Photodynamic therapy-induced unfolded protein response,https://www.wikipathways.org/index.php/Pathway:WP3613,P,1333,11,899.3675143,.0849270570492183648017633922097508628441,1.0975595688267e-07,78,2.590240582431e-05
78,WAG002121,Opioid signaling,WikiPathway_2021,90,Homo sapiens,Opioid signaling,https://www.wikipathways.org/index.php/Pathway:WP1978,P,1333,20,4457.053956,.0505794137695978186775732788002726653033,1.1549764026073e-07,79,2.7141945461271e-05
79,WAG003134,NGF-stimulated transcription,WikiPathway_2021,39,Homo sapiens,NGF-stimulated transcription,https://www.wikipathways.org/index.php/Pathway:WP4982,P,1333,13,568.9335685,.0707228289131565262610504420176807072283,1.2390378381819e-07,80,2.8993485413456e-05
80,WAG002161,Glioblastoma signaling pathways,WikiPathway_2021,83,Homo sapiens,Glioblastoma signaling pathways,https://www.wikipathways.org/index.php/Pathway:WP2261,P,1333,19,4976.097877,.0516247927914579146717538871859459359343,1.444429250026e-07,81,3.3655201525606e-05
81,WAG002329,Binding and uptake of ligands by scavenger receptors,WikiPathway_2021,41,Homo sapiens,Binding and uptake of ligands by scavenger receptors,https://www.wikipathways.org/index.php/Pathway:WP2784,P,1333,13,268.0024625,.0674676349257646902267931486797330950706,2.3897014283593e-07,82,5.5441073137937e-05
82,WAG003165,EGR2 and SOX10-mediated initiation of Schwann cell myelination,WikiPathway_2021,29,Homo sapiens,EGR2 and SOX10-mediated initiation of Schwann cell myelination,https://www.wikipathways.org/index.php/Pathway:WP5011,P,1333,11,214.8752965,.079304948464734768765851815876099508931,2.5892402153276e-07,83,5.9811448974067e-05
83,WAG002548,Hepatitis C and hepatocellular carcinoma,WikiPathway_2021,56,Homo sapiens,Hepatitis C and hepatocellular carcinoma,https://www.wikipathways.org/index.php/Pathway:WP3646,P,1333,15,2478.594488,.0582243948374231429679277682379659890323,3.3466368673378e-07,84,7.697264794877e-05
84,WAG002789,Neurexins and neuroligins,WikiPathway_2021,56,Homo sapiens,Neurexins and neuroligins,https://www.wikipathways.org/index.php/Pathway:WP4133,P,1333,15,668.9833429,.0582243948374231429679277682379659890323,3.3466368673378e-07,84,7.6637984262036e-05
85,WAG002862,Ferroptosis,WikiPathway_2021,49,Homo sapiens,Ferroptosis,https://www.wikipathways.org/index.php/Pathway:WP4313,P,1333,14,206.1586465,.0614957525956360002220865026927988451501,3.4652348697086e-07,86,7.9007355029357e-05
86,WAG002396,Fas ligand pathway and stress induction of heat shock proteins,WikiPathway_2021,43,Homo sapiens,Fas ligand pathway and stress induction of heat shock proteins,https://www.wikipathways.org/index.php/Pathway:WP314,P,1333,13,2359.921933,.0645149605158298920524523654278055495182,4.4103878125341e-07,87,0.00010011580334452
87,WAG002792,Fibrin complement receptor 3 signaling pathway,WikiPathway_2021,43,Homo sapiens,Fibrin complement receptor 3 signaling pathway,https://www.wikipathways.org/index.php/Pathway:WP4136,P,1333,13,3164.525397,.0645149605158298920524523654278055495182,4.4103878125341e-07,87,9.9674764563271e-05
88,WAG002359,Hematopoietic stem cell differentiation,WikiPathway_2021,65,Homo sapiens,Hematopoietic stem cell differentiation,https://www.wikipathways.org/index.php/Pathway:WP2849,P,1333,16,406.8458035,.0541785852338616157711635098569771936606,4.7596930860765e-07,89,0.00010709309443672
89,WAG002557,Hypothesized pathways in pathogenesis of cardiovascular disease,WikiPathway_2021,25,Homo sapiens,Hypothesized pathways in pathogenesis of cardiovascular disease,https://www.wikipathways.org/index.php/Pathway:WP3668,P,1333,10,662.4203271,.0831335683509596553074813944379161770466,5.1072367731326e-07,90,0.00011440210371817
90,WAG002535,Photodynamic therapy-induced HIF-1 survival signaling,WikiPathway_2021,37,Homo sapiens,Photodynamic therapy-induced HIF-1 survival signaling,https://www.wikipathways.org/index.php/Pathway:WP3614,P,1333,12,786.7041702,.0686104754774282671278379432885870654111,5.2474416489964e-07,91,0.00011701794877262
91,WAG002930,"Glutamate binding, activation of AMPA receptors and synaptic plasticity",WikiPathway_2021,26,Homo sapiens,"Glutamate binding, activation of AMPA receptors and synaptic plasticity",https://www.wikipathways.org/index.php/Pathway:WP4459,P,1333,10,2017.754816,.0800554183482922715499066321305945424974,7.8250163416924e-07,92,0.00017371536278557
92,WAG003308,Prostaglandin synthesis and regulation,WikiPathway_2021,45,Homo sapiens,Prostaglandin synthesis and regulation,https://www.wikipathways.org/index.php/Pathway:WP98,P,1333,13,599.7199962,.0618244703847816688283614353653264159101,7.8264093894395e-07,93,0.00017296364750661
93,WAG003008,Melanoma,WikiPathway_2021,68,Homo sapiens,Melanoma,https://www.wikipathways.org/index.php/Pathway:WP4685,P,1333,16,2722.643639,.0520009084714967067908244378832614126731,9.0493022810845e-07,94,0.00019908465018386
94,WAG002440,RHO GTPases activate PAKs,WikiPathway_2021,21,Homo sapiens,RHO GTPases activate PAKs,https://www.wikipathways.org/index.php/Pathway:WP3351,P,1333,9,1040.975313,.088537815126050420168067226890756302521,9.5854205172777e-07,95,0.00020992070932838
95,WAG003011,Vitamin D-sensitive calcium signaling in depression,WikiPathway_2021,39,Homo sapiens,Vitamin D-sensitive calcium signaling in depression,https://www.wikipathways.org/index.php/Pathway:WP4698,P,1333,12,120.6350921,.0652811515969410706252811515969410706252,9.8486630827587e-07,96,0.00021470085520414
96,WAG003259,G13 signaling pathway,WikiPathway_2021,39,Homo sapiens,G13 signaling pathway,https://www.wikipathways.org/index.php/Pathway:WP524,P,1333,12,689.3043303,.0652811515969410706252811515969410706252,9.8486630827587e-07,96,0.00021371598889586
97,WAG003040,Type I collagen synthesis in the context of osteogenesis imperfecta,WikiPathway_2021,33,Homo sapiens,Type I collagen synthesis in the context of osteogenesis imperfecta,https://www.wikipathways.org/index.php/Pathway:WP4786,P,1333,11,285.2801696,.0701041666666666666666666666666666666667,1.1447371616937e-06,98,0.00024726322692583
98,WAG003076,Disruption of postsynaptic signaling by CNV,WikiPathway_2021,33,Homo sapiens,Disruption of postsynaptic signaling by CNV,https://www.wikipathways.org/index.php/Pathway:WP4875,P,1333,11,1027.960695,.0701041666666666666666666666666666666667,1.1447371616937e-06,98,0.00024611848976414
99,WAG003080,Host-pathogen interaction of human coronaviruses - interferon induction,WikiPathway_2021,33,Homo sapiens,Host-pathogen interaction of human coronaviruses - interferon induction,https://www.wikipathways.org/index.php/Pathway:WP4880,P,1333,11,3415.803765,.0701041666666666666666666666666666666667,1.1447371616937e-06,98,0.00024497375260244
100,WAG002035,Complement cascade,WikiPathway_2021,55,Homo sapiens,Complement cascade,https://www.wikipathways.org/index.php/Pathway:WP1798,P,1333,14,1392.887932,.0552518594240191758609750079311924988544,1.5701566664133e-06,101,0.00033444336994604
101,WAG002118,IL-1 signaling pathway,WikiPathway_2021,55,Homo sapiens,IL-1 signaling pathway,https://www.wikipathways.org/index.php/Pathway:WP195,P,1333,14,4609.341146,.0552518594240191758609750079311924988544,1.5701566664133e-06,101,0.00033287321327962
102,WAG002378,Glucocorticoid receptor pathway,WikiPathway_2021,71,Homo sapiens,Glucocorticoid receptor pathway,https://www.wikipathways.org/index.php/Pathway:WP2880,P,1333,16,26.48545304,.0500067896775174766299299848454397809922,1.6528556380128e-06,103,0.00034875253962069
103,WAG002874,"Non-genomic actions of 1,25 dihydroxyvitamin D3",WikiPathway_2021,71,Homo sapiens,"Non-genomic actions of 1,25 dihydroxyvitamin D3",https://www.wikipathways.org/index.php/Pathway:WP4341,P,1333,16,2106.153164,.0500067896775174766299299848454397809922,1.6528556380128e-06,103,0.00034709968398268
104,WAG002477,NOTCH1 regulation of endothelial cell calcification,WikiPathway_2021,17,Homo sapiens,NOTCH1 regulation of endothelial cell calcification,https://www.wikipathways.org/index.php/Pathway:WP3413,P,1333,8,340.4420222,.096630407168756784221344603801473475138,1.6542767867492e-06,105,0.00034574384843059
105,WAG002933,Platelet-mediated interactions with vascular and circulating cells,WikiPathway_2021,17,Homo sapiens,Platelet-mediated interactions with vascular and circulating cells,https://www.wikipathways.org/index.php/Pathway:WP4462,P,1333,8,2007.802305,.096630407168756784221344603801473475138,1.6542767867492e-06,105,0.00034408957164384
106,WAG002226,Common pathways underlying drug addiction,WikiPathway_2021,41,Homo sapiens,Common pathways underlying drug addiction,https://www.wikipathways.org/index.php/Pathway:WP2636,P,1333,12,1363.444246,.0622763594211711497714899237032884547778,1.7684031973613e-06,107,0.00036605946185378
107,WAG002753,Collagen chain trimerization,WikiPathway_2021,41,Homo sapiens,Collagen chain trimerization,https://www.wikipathways.org/index.php/Pathway:WP4094,P,1333,12,25072.11074,.0622763594211711497714899237032884547778,1.7684031973613e-06,107,0.00036429105865642
108,WAG003153,FCGR3A-mediated phagocytosis,WikiPathway_2021,56,Homo sapiens,FCGR3A-mediated phagocytosis,https://www.wikipathways.org/index.php/Pathway:WP5000,P,1333,14,2774.044898,.0543410852713178294573643410852713178295,1.9740194766222e-06,109,0.00040467399270755
109,WAG002245,Potassium Channels,WikiPathway_2021,64,Homo sapiens,Potassium Channels,https://www.wikipathways.org/index.php/Pathway:WP2669,P,1333,15,841.9633297,.0515135775028991109393119443370699652107,2.052581545512e-06,110,0.00041872663528445
110,WAG002244,Elastic fibre formation,WikiPathway_2021,42,Homo sapiens,Elastic fibre formation,https://www.wikipathways.org/index.php/Pathway:WP2666,P,1333,12,632.2237496,.0608811748998664886515353805073431241655,2.3343530013794e-06,111,0.00047387365928001
111,WAG002797,Splicing factor NOVA regulated synaptic proteins,WikiPathway_2021,42,Homo sapiens,Splicing factor NOVA regulated synaptic proteins,https://www.wikipathways.org/index.php/Pathway:WP4148,P,1333,12,106.2478744,.0608811748998664886515353805073431241655,2.3343530013794e-06,111,0.00047153930627863
112,WAG002347,Mammary gland development pathway - Puberty (Stage 2 of 4),WikiPathway_2021,13,Homo sapiens,Mammary gland development pathway - Puberty (Stage 2 of 4),https://www.wikipathways.org/index.php/Pathway:WP2814,P,1333,7,1176.588987,.1098935655539429124334784712143202709241,2.4360611443471e-06,113,0.00048964829001377
113,WAG002795,Macrophage markers,WikiPathway_2021,9,Homo sapiens,Macrophage markers,https://www.wikipathways.org/index.php/Pathway:WP4146,P,1333,6,374.3406156,.1352223534041715859897678079496261314443,2.4870794288572e-06,114,0.00049741588577145
114,WAG002616,TGF-beta signaling in thyroid cells for epithelial-mesenchymal transition,WikiPathway_2021,18,Homo sapiens,TGF-beta signaling in thyroid cells for epithelial-mesenchymal transition,https://www.wikipathways.org/index.php/Pathway:WP3859,P,1333,8,1897.546702,.09140066282923425780568637711494854352,2.8074402047841e-06,115,0.00055868060075204
115,WAG002625,MYD88 distinct input-output pathway,WikiPathway_2021,18,Homo sapiens,MYD88 distinct input-output pathway,https://www.wikipathways.org/index.php/Pathway:WP3877,P,1333,8,2867.376635,.09140066282923425780568637711494854352,2.8074402047841e-06,115,0.00055587316054726
116,WAG002968,Synaptic signaling pathways associated with autism spectrum disorder,WikiPathway_2021,50,Homo sapiens,Synaptic signaling pathways associated with autism spectrum disorder,https://www.wikipathways.org/index.php/Pathway:WP4539,P,1333,13,2132.254084,.0560388349514563106796116504854368932039,2.8351804035116e-06,117,0.00055853053949178
117,WAG002927,Activation of kainate receptors upon glutamate binding,WikiPathway_2021,30,Homo sapiens,Activation of kainate receptors upon glutamate binding,https://www.wikipathways.org/index.php/Pathway:WP4456,P,1333,10,4237.499088,.0697941099817565806619755016940317956737,3.497831708113e-06,118,0.00068557501479016
118,WAG003056,Genes controlling nephrogenesis,WikiPathway_2021,44,Homo sapiens,Genes controlling nephrogenesis,https://www.wikipathways.org/index.php/Pathway:WP4823,P,1333,12,404.5612117,.0582808631057658295012380615493455960382,3.9581168689499e-06,119,0.00077183278944523
119,WAG002450,RHO GTPases activate ROCKs,WikiPathway_2021,19,Homo sapiens,RHO GTPases activate ROCKs,https://www.wikipathways.org/index.php/Pathway:WP3365,P,1333,8,1464.474685,.0867213148603167392785612520906031260969,4.5719415542021e-06,120,0.0008869566615152
120,WAG002928,GABA receptor activation,WikiPathway_2021,60,Homo sapiens,GABA receptor activation,https://www.wikipathways.org/index.php/Pathway:WP4457,P,1333,14,4857.735422,.0510010319917440660474716202270381836946,4.6627159134935e-06,121,0.00089990417130424
121,WAG003054,TGF-beta receptor signaling in skeletal dysplasias,WikiPathway_2021,60,Homo sapiens,TGF-beta receptor signaling in skeletal dysplasias,https://www.wikipathways.org/index.php/Pathway:WP4816,P,1333,14,1942.179972,.0510010319917440660474716202270381836946,4.6627159134935e-06,121,0.00089524145539075
122,WAG003195,Development of ureteric collection system,WikiPathway_2021,60,Homo sapiens,Development of ureteric collection system,https://www.wikipathways.org/index.php/Pathway:WP5053,P,1333,14,384.6539423,.0510010319917440660474716202270381836946,4.6627159134935e-06,121,0.00089057873947725
123,WAG002615,Toll-like receptor signaling related to MyD88,WikiPathway_2021,31,Homo sapiens,Toll-like receptor signaling related to MyD88,https://www.wikipathways.org/index.php/Pathway:WP3858,P,1333,10,6340.103603,.067642350212406560022186085794602226172,4.8683773122535e-06,124,0.00092499168932817
124,WAG002860,"Oligodendrocyte specification and differentiation, leading to myelin components for CNS",WikiPathway_2021,31,Homo sapiens,"Oligodendrocyte specification and differentiation, leading to myelin components for CNS",https://www.wikipathways.org/index.php/Pathway:WP4304,P,1333,10,536.019499,.067642350212406560022186085794602226172,4.8683773122535e-06,124,0.00092012331201591
125,WAG002960,Inflammatory response pathway,WikiPathway_2021,31,Homo sapiens,Inflammatory response pathway,https://www.wikipathways.org/index.php/Pathway:WP453,P,1333,10,1121.798483,.067642350212406560022186085794602226172,4.8683773122535e-06,124,0.00091525493470366
126,WAG003245,Prostaglandin and leukotriene metabolism in senescence,WikiPathway_2021,31,Homo sapiens,Prostaglandin and leukotriene metabolism in senescence,https://www.wikipathways.org/index.php/Pathway:WP5122,P,1333,10,696.4683019,.067642350212406560022186085794602226172,4.8683773122535e-06,124,0.00091038655739141
127,WAG002604,Striated muscle contraction pathway,WikiPathway_2021,38,Homo sapiens,Striated muscle contraction pathway,https://www.wikipathways.org/index.php/Pathway:WP383,P,1333,11,12114.13359,.0613255360623781676413255360623781676413,5.3036659116763e-06,128,0.0009864818595718
128,WAG003057,mBDNF and proBDNF regulation of GABA neurotransmission,WikiPathway_2021,38,Homo sapiens,mBDNF and proBDNF regulation of GABA neurotransmission,https://www.wikipathways.org/index.php/Pathway:WP4829,P,1333,11,1271.723389,.0613255360623781676413255360623781676413,5.3036659116763e-06,128,0.00098117819366012
129,WAG002097,Signal amplification,WikiPathway_2021,32,Homo sapiens,Signal amplification,https://www.wikipathways.org/index.php/Pathway:WP1908,P,1333,10,6870.033346,.065625,6.6765768556428e-06,130,0.0012284901414383
130,WAG002227,Interleukin-1 (IL-1) structural pathway,WikiPathway_2021,47,Homo sapiens,Interleukin-1 (IL-1) structural pathway,https://www.wikipathways.org/index.php/Pathway:WP2637,P,1333,12,4080.622069,.0547948830324730631517146141187950153394,8.2197836497897e-06,131,0.0015042204079115
131,WAG002448,Sialic acid metabolism,WikiPathway_2021,33,Homo sapiens,Sialic acid metabolism,https://www.wikipathways.org/index.php/Pathway:WP3363,P,1333,10,353.0567679,.0637298403795865724799734952019215978607,9.0319533677212e-06,132,0.0016438155129253
132,WAG003270,TGF-beta receptor signaling,WikiPathway_2021,56,Homo sapiens,TGF-beta receptor signaling,https://www.wikipathways.org/index.php/Pathway:WP560,P,1333,13,2203.784615,.0504580173797531410859578236563901035036,1.0610343323619e-05,133,0.001920472141575
133,WAG003065,Intracellular trafficking proteins involved in CMT neuropathy,WikiPathway_2021,27,Homo sapiens,Intracellular trafficking proteins involved in CMT neuropathy,https://www.wikipathways.org/index.php/Pathway:WP4856,P,1333,9,461.8371975,.0694835680751173708920187793427230046949,1.0736537663431e-05,134,0.0019325767794177
134,WAG003218,Opioid receptor pathway annotation,WikiPathway_2021,41,Homo sapiens,Opioid receptor pathway annotation,https://www.wikipathways.org/index.php/Pathway:WP5093,P,1333,11,182.6834869,.0570853278626244206367297317832991414026,1.1672160905986e-05,135,0.0020893168021715
135,WAG002694,p38 MAPK signaling pathway,WikiPathway_2021,34,Homo sapiens,p38 MAPK signaling pathway,https://www.wikipathways.org/index.php/Pathway:WP400,P,1333,10,1148.223224,.0619460899113743858199017311842769894843,1.2063976900597e-05,136,0.0021473878883063
136,WAG002742,Oxidative stress response,WikiPathway_2021,34,Homo sapiens,Oxidative stress response,https://www.wikipathways.org/index.php/Pathway:WP408,P,1333,10,608.7127816,.0619460899113743858199017311842769894843,1.2063976900597e-05,136,0.0021353239114057
137,WAG002270,Trafficking and processing of endosomal TLR,WikiPathway_2021,11,Homo sapiens,Trafficking and processing of endosomal TLR,https://www.wikipathways.org/index.php/Pathway:WP2709,P,1333,6,826.2250014,.1109784434990884066778679440889429092339,1.2158480594051e-05,138,0.002139892584553
138,WAG002328,Signaling by ERBB4,WikiPathway_2021,49,Homo sapiens,Signaling by ERBB4,https://www.wikipathways.org/index.php/Pathway:WP2781,P,1333,12,1119.521869,.0527077471765405191202694670101050128789,1.2903280897718e-05,139,0.0022580741571006
139,WAG002145,TNF-related weak inducer of apoptosis (TWEAK) signaling pathway,WikiPathway_2021,42,Homo sapiens,TNF-related weak inducer of apoptosis (TWEAK) signaling pathway,https://www.wikipathways.org/index.php/Pathway:WP2036,P,1333,11,4950.129475,.0558064097573634358375502789671727001427,1.4910274904352e-05,140,0.0025943878333572
140,WAG002323,Toll-like Receptor Cascades,WikiPathway_2021,28,Homo sapiens,Toll-like Receptor Cascades,https://www.wikipathways.org/index.php/Pathway:WP2775,P,1333,9,1059.419762,.0671015140510643052684507514386278563048,1.4917738004852e-05,141,0.0025807686748393
141,WAG002444,RHO GTPases activate PKNs,WikiPathway_2021,28,Homo sapiens,RHO GTPases activate PKNs,https://www.wikipathways.org/index.php/Pathway:WP3357,P,1333,9,963.810778,.0671015140510643052684507514386278563048,1.4917738004852e-05,141,0.0025658509368345
142,WAG002536,Photodynamic therapy-induced NF-kB survival signaling,WikiPathway_2021,35,Homo sapiens,Photodynamic therapy-induced NF-kB survival signaling,https://www.wikipathways.org/index.php/Pathway:WP3617,P,1333,10,4050.816759,.0602641993199933114096204224959589766456,1.592425312925e-05,143,0.0027230472851018
143,WAG002241,Vasopressin regulates renal water homeostasis via aquaporins,WikiPathway_2021,43,Homo sapiens,Vasopressin regulates renal water homeostasis via aquaporins,https://www.wikipathways.org/index.php/Pathway:WP2662,P,1333,11,8306.114194,.0545869152112930956474527192109311374536,1.8890798738572e-05,144,0.0032114357855572
144,WAG003277,Type II interferon signaling (IFNG),WikiPathway_2021,37,Homo sapiens,Type II interferon signaling (IFNG),https://www.wikipathways.org/index.php/Pathway:WP619,P,1333,10,3084.210224,.0571729624361203308571729624361203308572,2.6859967265132e-05,145,0.0045393344678073
145,WAG003151,"FOXO-mediated transcription of oxidative stress, metabolic and neuronal genes",WikiPathway_2021,30,Homo sapiens,"FOXO-mediated transcription of oxidative stress, metabolic and neuronal genes",https://www.wikipathways.org/index.php/Pathway:WP4999,P,1333,9,392.3530669,.0628135990621336459554513481828839390387,2.7468803225493e-05,146,0.0046147589418828
146,WAG002165,Glial cell differentiation,WikiPathway_2021,8,Homo sapiens,Glial cell differentiation,https://www.wikipathways.org/index.php/Pathway:WP2276,P,1333,5,144.8985857,.1265741833923652105470287288469106650925,2.8969778729552e-05,147,0.0048379530478352
147,WAG002367,IL1 and megakaryocytes in obesity,WikiPathway_2021,24,Homo sapiens,IL1 and megakaryocytes in obesity,https://www.wikipathways.org/index.php/Pathway:WP2865,P,1333,8,996.7354714,.0691725398068389454450535108326807622031,3.31424880786e-05,148,0.0055016530210477
148,WAG002978,MFAP5 effect on permeability and motility of endothelial cells via cytoskeleton rearrangement,WikiPathway_2021,18,Homo sapiens,MFAP5 effect on permeability and motility of endothelial cells via cytoskeleton rearrangement,https://www.wikipathways.org/index.php/Pathway:WP4560,P,1333,7,716.8390591,.0799747177542391351728346628307397236389,3.3653384008614e-05,149,0.0055528083614214
149,WAG002754,RET signaling,WikiPathway_2021,38,Homo sapiens,RET signaling,https://www.wikipathways.org/index.php/Pathway:WP4095,P,1333,10,2254.97795,.0557492718546170570619846576691143290807,3.4369229680237e-05,150,0.0056365536675588
150,WAG002109,Thrombin signaling through proteinase activated receptors (PARs),WikiPathway_2021,31,Homo sapiens,Thrombin signaling through proteinase activated receptors (PARs),https://www.wikipathways.org/index.php/Pathway:WP1929,P,1333,9,4825.021869,.0608770161290322580645161290322580645161,3.6493142130352e-05,151,0.0059483821672473
151,WAG002147,Microtubule cytoskeleton regulation,WikiPathway_2021,46,Homo sapiens,Microtubule cytoskeleton regulation,https://www.wikipathways.org/index.php/Pathway:WP2038,P,1333,11,767.7278025,.051246219097990841345747646969364132547,3.6723786160701e-05,152,0.0059492533580335
152,WAG002219,Aryl hydrocarbon receptor Netpath,WikiPathway_2021,46,Homo sapiens,Aryl hydrocarbon receptor Netpath,https://www.wikipathways.org/index.php/Pathway:WP2586,P,1333,11,1772.719496,.051246219097990841345747646969364132547,3.6723786160701e-05,152,0.0059125295718728
153,WAG002386,miRNA targets in ECM and membrane receptors,WikiPathway_2021,46,Homo sapiens,miRNA targets in ECM and membrane receptors,https://www.wikipathways.org/index.php/Pathway:WP2911,P,1333,11,1098.26871,.051246219097990841345747646969364132547,3.6723786160701e-05,152,0.0058758057857121
154,WAG002729,Interleukin-10 signaling,WikiPathway_2021,46,Homo sapiens,Interleukin-10 signaling,https://www.wikipathways.org/index.php/Pathway:WP4063,P,1333,11,4309.698489,.051246219097990841345747646969364132547,3.6723786160701e-05,152,0.0058390819995514
155,WAG002948,IL-10 anti-inflammatory signaling pathway,WikiPathway_2021,13,Homo sapiens,IL-10 anti-inflammatory signaling pathway,https://www.wikipathways.org/index.php/Pathway:WP4495,P,1333,6,1069.225259,.0941937433882424059241348042919752153544,4.0140168642696e-05,156,0.0063421466455459
156,WAG002100,Signaling by insulin receptor,WikiPathway_2021,39,Homo sapiens,Signaling by insulin receptor,https://www.wikipathways.org/index.php/Pathway:WP1913,P,1333,10,5819.254024,.0543985296614825247470358494900762138783,4.3578729664286e-05,157,0.0068418605572929
157,WAG002878,Glycolysis and Gluconeogenesis - for workshop,WikiPathway_2021,39,Homo sapiens,Glycolysis and Gluconeogenesis - for workshop,https://www.wikipathways.org/index.php/Pathway:WP4361,P,1333,10,3449.870476,.0543985296614825247470358494900762138783,4.3578729664286e-05,157,0.0067982818276286
158,WAG003098,Unfolded protein response,WikiPathway_2021,25,Homo sapiens,Unfolded protein response,https://www.wikipathways.org/index.php/Pathway:WP4925,P,1333,8,925.2168691,.0665048923679060665362035225048923679061,4.5951729638812e-05,159,0.0071225180940158
159,WAG003160,Assembly and cell surface presentation of NMDA receptors,WikiPathway_2021,25,Homo sapiens,Assembly and cell surface presentation of NMDA receptors,https://www.wikipathways.org/index.php/Pathway:WP5007,P,1333,8,2091.235419,.0665048923679060665362035225048923679061,4.5951729638812e-05,159,0.007076566364377
160,WAG002350,Mammary gland development pathway - Pregnancy and lactation (Stage 3 of 4),WikiPathway_2021,32,Homo sapiens,Mammary gland development pathway - Pregnancy and lactation (Stage 3 of 4),https://www.wikipathways.org/index.php/Pathway:WP2817,P,1333,9,716.8577572,.0590614017961733697774306911362748926201,4.7870207809339e-05,161,0.0073241417948288
161,WAG002454,RHO GTPases activate CIT,WikiPathway_2021,19,Homo sapiens,RHO GTPases activate CIT,https://www.wikipathways.org/index.php/Pathway:WP3376,P,1333,7,842.4504731,.0758802889576883384932920536635706914345,5.0236563644172e-05,162,0.0076359576739141
162,WAG002936,LTF danger signal response pathway,WikiPathway_2021,19,Homo sapiens,LTF danger signal response pathway,https://www.wikipathways.org/index.php/Pathway:WP4478,P,1333,7,2300.457239,.0758802889576883384932920536635706914345,5.0236563644172e-05,162,0.0075857211102699
163,WAG002354,Bladder cancer,WikiPathway_2021,40,Homo sapiens,Bladder cancer,https://www.wikipathways.org/index.php/Pathway:WP2828,P,1333,10,3686.883589,.0531152647975077881619937694704049844237,5.4783637665363e-05,164,0.0082175456498045
164,WAG002263,DAP12 interactions,WikiPathway_2021,33,Homo sapiens,DAP12 interactions,https://www.wikipathways.org/index.php/Pathway:WP2694,P,1333,9,2788.622455,.0573557589951032573983393655524803065786,6.2058221834622e-05,165,0.0092466750533587
165,WAG002277,Signaling by NOTCH2,WikiPathway_2021,33,Homo sapiens,Signaling by NOTCH2,https://www.wikipathways.org/index.php/Pathway:WP2718,P,1333,9,1751.791005,.0573557589951032573983393655524803065786,6.2058221834622e-05,165,0.009184616831524
166,WAG002949,Signal transduction through IL1R,WikiPathway_2021,33,Homo sapiens,Signal transduction through IL1R,https://www.wikipathways.org/index.php/Pathway:WP4496,P,1333,9,5011.865314,.0573557589951032573983393655524803065786,6.2058221834622e-05,165,0.0091225586096894
167,WAG003075,CAMKK2 pathway,WikiPathway_2021,33,Homo sapiens,CAMKK2 pathway,https://www.wikipathways.org/index.php/Pathway:WP4874,P,1333,9,473.4561211,.0573557589951032573983393655524803065786,6.2058221834622e-05,165,0.0090605003878548
168,WAG002331,Syndecan interactions,WikiPathway_2021,20,Homo sapiens,Syndecan interactions,https://www.wikipathways.org/index.php/Pathway:WP2787,P,1333,7,2096.609376,.0721952175617404939239513916111328890631,7.2865978408014e-05,169,0.010565566869162
169,WAG002545,Imatinib and chronic myeloid leukemia,WikiPathway_2021,20,Homo sapiens,Imatinib and chronic myeloid leukemia,https://www.wikipathways.org/index.php/Pathway:WP3640,P,1333,7,428.7164433,.0721952175617404939239513916111328890631,7.2865978408014e-05,169,0.010492700890754
170,WAG002573,Striated Muscle Contraction,WikiPathway_2021,34,Homo sapiens,Striated Muscle Contraction,https://www.wikipathways.org/index.php/Pathway:WP3795,P,1333,9,12252.97751,.0557503844300107869913474558766151798215,7.9573590934856e-05,171,0.011379023503684
171,WAG002312,MyD88:MAL(TIRAP) cascade initiated on plasma membrane,WikiPathway_2021,35,Homo sapiens,MyD88:MAL(TIRAP) cascade initiated on plasma membrane,https://www.wikipathways.org/index.php/Pathway:WP2761,P,1333,9,4478.169423,.0542366837530644082906173389792734566525,0.0001009935827472,172,0.014341088750103
172,WAG002461,RHO GTPases activate WASPs and WAVEs,WikiPathway_2021,35,Homo sapiens,RHO GTPases activate WASPs and WAVEs,https://www.wikipathways.org/index.php/Pathway:WP3388,P,1333,9,4377.847257,.0542366837530644082906173389792734566525,0.0001009935827472,172,0.014240095167356
173,WAG003122,Galanin receptor pathway,WikiPathway_2021,21,Homo sapiens,Galanin receptor pathway,https://www.wikipathways.org/index.php/Pathway:WP4970,P,1333,7,502.4071979,.0688610240334378265412748171368861024034,0.00010304660718653,174,0.014426525006114
174,WAG003198,FOXP3 in COVID-19,WikiPathway_2021,15,Homo sapiens,FOXP3 in COVID-19,https://www.wikipathways.org/index.php/Pathway:WP5063,P,1333,6,2771.343244,.0818845700824499411071849234393404004711,0.0001040610461182,175,0.01446448541043
175,WAG003244,Sphingolipid metabolism in senescence,WikiPathway_2021,28,Homo sapiens,Sphingolipid metabolism in senescence,https://www.wikipathways.org/index.php/Pathway:WP5121,P,1333,8,567.5169055,.0596448117949290740533899251647492460627,0.00011066603063947,176,0.015271912228246
176,WAG002236,ATF6 (ATF6-alpha) activates chaperone genes,WikiPathway_2021,10,Homo sapiens,ATF6 (ATF6-alpha) activates chaperone genes,https://www.wikipathways.org/index.php/Pathway:WP2655,P,1333,5,1471.197674,.101572945340149429807314195831694848604,0.00011586840441225,177,0.015873971404478
177,WAG003078,Host-pathogen interaction of human coronaviruses - MAPK signaling,WikiPathway_2021,36,Homo sapiens,Host-pathogen interaction of human coronaviruses - MAPK signaling,https://www.wikipathways.org/index.php/Pathway:WP4877,P,1333,9,3779.38246,.0528070175438596491228070175438596491228,0.00012695857695805,178,0.017266366466295
178,WAG002858,Extracellular vesicles in the crosstalk of cardiac cells,WikiPathway_2021,22,Homo sapiens,Extracellular vesicles in the crosstalk of cardiac cells,https://www.wikipathways.org/index.php/Pathway:WP4300,P,1333,7,609.697881,.0658298614820353950788733397429049602962,0.00014248926975044,179,0.019236051416309
179,WAG003035,PKC-gamma calcium signaling pathway in ataxia,WikiPathway_2021,22,Homo sapiens,PKC-gamma calcium signaling pathway in ataxia,https://www.wikipathways.org/index.php/Pathway:WP4760,P,1333,7,905.1131886,.0658298614820353950788733397429049602962,0.00014248926975044,179,0.019093562146559
180,WAG003116,STING pathway in Kawasaki-like disease and COVID-19,WikiPathway_2021,22,Homo sapiens,STING pathway in Kawasaki-like disease and COVID-19,https://www.wikipathways.org/index.php/Pathway:WP4961,P,1333,7,1132.750628,.0658298614820353950788733397429049602962,0.00014248926975044,179,0.018951072876809
181,WAG002906,Synthesis of Lipoxins (LX),WikiPathway_2021,6,Homo sapiens,Synthesis of Lipoxins (LX),https://www.wikipathways.org/index.php/Pathway:WP4434,P,1333,4,135.9107791,.1345931758530183727034120734908136482939,0.00014376025545564,182,0.018976353720144
182,WAG002487,Zinc homeostasis,WikiPathway_2021,37,Homo sapiens,Zinc homeostasis,https://www.wikipathways.org/index.php/Pathway:WP3529,P,1333,9,351.7168888,.0514545722651724210570664194982199658739,0.00015817384552845,183,0.020720773764227
183,WAG002979,Cell migration and invasion through p75NTR,WikiPathway_2021,30,Homo sapiens,Cell migration and invasion through p75NTR,https://www.wikipathways.org/index.php/Pathway:WP4561,P,1333,8,658.6697141,.0558333333333333333333333333333333333333,0.00018524119953111,184,0.024081355939045
184,WAG003150,Cell recruitment (pro-inflammatory response),WikiPathway_2021,23,Homo sapiens,Cell recruitment (pro-inflammatory response),https://www.wikipathways.org/index.php/Pathway:WP4998,P,1333,7,514.8554052,.0630622042150420482789145756017840727248,0.00019311075432286,185,0.024911287307649
185,WAG003266,Complement activation,WikiPathway_2021,23,Homo sapiens,Complement activation,https://www.wikipathways.org/index.php/Pathway:WP545,P,1333,7,2891.649795,.0630622042150420482789145756017840727248,0.00019311075432286,185,0.024718176553326
186,WAG003192,Glycolysis in senescence,WikiPathway_2021,11,Homo sapiens,Glycolysis in senescence,https://www.wikipathways.org/index.php/Pathway:WP5049,P,1333,5,1166.241589,.0924814179531160663236134934248141795312,0.00020026692749506,187,0.025433899791873
187,WAG002957,"Metabolic pathway of LDL, HDL and TG, including diseases",WikiPathway_2021,17,Homo sapiens,"Metabolic pathway of LDL, HDL and TG, including diseases",https://www.wikipathways.org/index.php/Pathway:WP4522,P,1333,6,3915.218396,.0724713267025130962545865737428749451919,0.00022870950827831,188,0.028817398043067
188,WAG003141,FOXO-mediated transcription of cell cycle genes,WikiPathway_2021,17,Homo sapiens,FOXO-mediated transcription of cell cycle genes,https://www.wikipathways.org/index.php/Pathway:WP4989,P,1333,6,1194.716766,.0724713267025130962545865737428749451919,0.00022870950827831,188,0.028588688534789
189,WAG002317,MyD88 dependent cascade initiated on endosome,WikiPathway_2021,31,Homo sapiens,MyD88 dependent cascade initiated on endosome,https://www.wikipathways.org/index.php/Pathway:WP2768,P,1333,8,4471.375665,.0541119270446272247483971734831404063433,0.00023539299592571,190,0.029188731494788
190,WAG002798,White fat cell differentiation,WikiPathway_2021,32,Homo sapiens,White fat cell differentiation,https://www.wikipathways.org/index.php/Pathway:WP4149,P,1333,8,530.8506693,.0524980483996877439500390320062451209992,0.00029590599997242,191,0.036396437996608
191,WAG003085,Purinergic signaling,WikiPathway_2021,32,Homo sapiens,Purinergic signaling,https://www.wikipathways.org/index.php/Pathway:WP4900,P,1333,8,1679.519088,.0524980483996877439500390320062451209992,0.00029590599997242,191,0.036100531996636
192,WAG002650,WikiPathways Academy: fig-met-1-fourth,WikiPathway_2021,7,Homo sapiens,WikiPathways Academy: fig-met-1-fourth,https://www.wikipathways.org/index.php/Pathway:WP3921,P,1333,4,261.0072435,.1155450609996064541519086973632428177883,0.00031623531644942,193,0.03826447329038
193,WAG002680,miR-509-3p alteration of YAP1/ECM axis,WikiPathway_2021,18,Homo sapiens,miR-509-3p alteration of YAP1/ECM axis,https://www.wikipathways.org/index.php/Pathway:WP3967,P,1333,6,319.4301424,.0685490196078431372549019607843137254902,0.00032343312174577,194,0.038811974609492
194,WAG002205,Nanoparticle triggered regulated necrosis,WikiPathway_2021,12,Homo sapiens,Nanoparticle triggered regulated necrosis,https://www.wikipathways.org/index.php/Pathway:WP2513,P,1333,5,1512.706247,.0849050425671250818598559266535690897184,0.00032366416525466,195,0.038516035665305
195,WAG002994,Aerobic glycolysis - augmented,WikiPathway_2021,12,Homo sapiens,Aerobic glycolysis - augmented,https://www.wikipathways.org/index.php/Pathway:WP4628,P,1333,5,2748.889096,.0849050425671250818598559266535690897184,0.00032366416525466,195,0.03819237150005
196,WAG002995,Aerobic glycolysis,WikiPathway_2021,12,Homo sapiens,Aerobic glycolysis,https://www.wikipathways.org/index.php/Pathway:WP4629,P,1333,5,2748.889096,.0849050425671250818598559266535690897184,0.00032366416525466,195,0.037868707334795
197,WAG002050,GPVI-mediated activation cascade,WikiPathway_2021,33,Homo sapiens,GPVI-mediated activation cascade,https://www.wikipathways.org/index.php/Pathway:WP1826,P,1333,8,6542.84686,.0509819222265574196904669007673299518793,0.00036825496010314,198,0.042717575371965
198,WAG002193,Alpha 6 beta 4 signaling pathway,WikiPathway_2021,33,Homo sapiens,Alpha 6 beta 4 signaling pathway,https://www.wikipathways.org/index.php/Pathway:WP244,P,1333,8,5844.015918,.0509819222265574196904669007673299518793,0.00036825496010314,198,0.042349320411862
199,WAG003059,Regucalcin in proximal tubule epithelial kidney cells,WikiPathway_2021,33,Homo sapiens,Regucalcin in proximal tubule epithelial kidney cells,https://www.wikipathways.org/index.php/Pathway:WP4838,P,1333,8,856.6479937,.0509819222265574196904669007673299518793,0.00036825496010314,198,0.041981065451759
200,WAG003213,Prostaglandin signaling,WikiPathway_2021,33,Homo sapiens,Prostaglandin signaling,https://www.wikipathways.org/index.php/Pathway:WP5088,P,1333,8,1716.990063,.0509819222265574196904669007673299518793,0.00036825496010314,198,0.041612810491655
201,WAG003300,Serotonin HTR1 group and FOS pathway,WikiPathway_2021,33,Homo sapiens,Serotonin HTR1 group and FOS pathway,https://www.wikipathways.org/index.php/Pathway:WP722,P,1333,8,1488.163674,.0509819222265574196904669007673299518793,0.00036825496010314,198,0.041244555531552
202,WAG002589,SALM protein interactions at the synapse,WikiPathway_2021,19,Homo sapiens,SALM protein interactions at the synapse,https://www.wikipathways.org/index.php/Pathway:WP3812,P,1333,6,596.0410869,.0650395097897625286265448018320988673173,0.00044565948982004,203,0.049468203370025
203,WAG002299,Erythrocytes take up carbon dioxide and release oxygen,WikiPathway_2021,13,Homo sapiens,Erythrocytes take up carbon dioxide and release oxygen,https://www.wikipathways.org/index.php/Pathway:WP2744,P,1333,5,106.4294653,.0784941688319535923620762583841923983322,0.00049584914205683,204,0.054543405626251
204,WAG002818,Transcriptional cascade regulating adipogenesis,WikiPathway_2021,13,Homo sapiens,Transcriptional cascade regulating adipogenesis,https://www.wikipathways.org/index.php/Pathway:WP4211,P,1333,5,598.9972476,.0784941688319535923620762583841923983322,0.00049584914205683,204,0.054047556484194
205,WAG003086,LDLRAD4 and what we know about it,WikiPathway_2021,8,Homo sapiens,LDLRAD4 and what we know about it,https://www.wikipathways.org/index.php/Pathway:WP4904,P,1333,4,97.76654116,.1012588512981904012588512981904012588513,0.0005962584094869,206,0.064395908224585
206,WAG003257,Hypertrophy model,WikiPathway_2021,20,Homo sapiens,Hypertrophy model,https://www.wikipathways.org/index.php/Pathway:WP516,P,1333,6,131.4859632,.0618808777429467084639498432601880877743,0.00060022342482465,207,0.064223906456237
207,WAG002613,TLR4 signaling and tolerance,WikiPathway_2021,28,Homo sapiens,TLR4 signaling and tolerance,https://www.wikipathways.org/index.php/Pathway:WP3851,P,1333,7,5426.286897,.0521883548261039468542399374755763970301,0.00069470725139776,208,0.073638968648163
208,WAG003021,Omega-9 fatty acid synthesis,WikiPathway_2021,14,Homo sapiens,Omega-9 fatty acid synthesis,https://www.wikipathways.org/index.php/Pathway:WP4724,P,1333,5,747.4519717,.0729990464972797128274160076280217622974,0.00072717020951861,209,0.076352871999454
209,WAG003121,Urea cycle and metabolism of amino groups,WikiPathway_2021,21,Homo sapiens,Urea cycle and metabolism of amino groups,https://www.wikipathways.org/index.php/Pathway:WP497,P,1333,6,777.3428089,.0590229981534329360416316938056068490851,0.00079222437806741,210,0.082391335319011
210,WAG002683,PDGFR-beta pathway,WikiPathway_2021,29,Homo sapiens,PDGFR-beta pathway,https://www.wikipathways.org/index.php/Pathway:WP3972,P,1333,7,4729.815529,.0504633620689655172413793103448275862069,0.0008633562178278,211,0.088925690436264
211,WAG003039,Somitogenesis in the context of spondylocostal dysostosis,WikiPathway_2021,9,Homo sapiens,Somitogenesis in the context of spondylocostal dysostosis,https://www.wikipathways.org/index.php/Pathway:WP4785,P,1333,4,1033.005531,.0901472451610084327347402455542447677721,0.0010118137540782,212,0.10320500291598
212,WAG003137,Lipophagy,WikiPathway_2021,9,Homo sapiens,Lipophagy,https://www.wikipathways.org/index.php/Pathway:WP4985,P,1333,4,780.9671644,.0901472451610084327347402455542447677721,0.0010118137540782,212,0.1021931891619
213,WAG002525,Transcription factor regulation in adipogenesis,WikiPathway_2021,22,Homo sapiens,Transcription factor regulation in adipogenesis,https://www.wikipathways.org/index.php/Pathway:WP3599,P,1333,6,1568.81533,.0564248594005837545383355876699651171068,0.0010269694643269,214,0.10269694643269
214,WAG002776,Deregulated CDK5 triggers multiple neurodegenerative pathways in Alzheimer's disease models,WikiPathway_2021,22,Homo sapiens,Deregulated CDK5 triggers multiple neurodegenerative pathways in Alzheimer's disease models,https://www.wikipathways.org/index.php/Pathway:WP4115,P,1333,6,360.1072832,.0564248594005837545383355876699651171068,0.0010269694643269,214,0.10166997696837
215,WAG002793,PI3K/AKT/mTOR - VitD3 signaling,WikiPathway_2021,22,Homo sapiens,PI3K/AKT/mTOR - VitD3 signaling,https://www.wikipathways.org/index.php/Pathway:WP4141,P,1333,6,567.5526801,.0564248594005837545383355876699651171068,0.0010269694643269,214,0.10064300750404
216,WAG003044,FGF23 signaling in hypophosphatemic rickets and related disorders,WikiPathway_2021,22,Homo sapiens,FGF23 signaling in hypophosphatemic rickets and related disorders,https://www.wikipathways.org/index.php/Pathway:WP4790,P,1333,6,545.6177486,.0564248594005837545383355876699651171068,0.0010269694643269,214,0.099616038039713
217,WAG002391,Transcriptional activation by NRF2 in response to phytochemicals,WikiPathway_2021,15,Homo sapiens,Transcriptional activation by NRF2 in response to phytochemicals,https://www.wikipathways.org/index.php/Pathway:WP3,P,1333,5,702.9769938,.0682365253793825222396650968079539508111,0.001028318686607,218,0.098718593914272
218,WAG002445,Caspase activation via death receptors in the presence of ligand,WikiPathway_2021,15,Homo sapiens,Caspase activation via death receptors in the presence of ligand,https://www.wikipathways.org/index.php/Pathway:WP3358,P,1333,5,2109.708564,.0682365253793825222396650968079539508111,0.001028318686607,218,0.097690275227665
219,WAG002989,Biomarkers for pyrimidine metabolism disorders,WikiPathway_2021,15,Homo sapiens,Biomarkers for pyrimidine metabolism disorders,https://www.wikipathways.org/index.php/Pathway:WP4584,P,1333,5,369.9334203,.0682365253793825222396650968079539508111,0.001028318686607,218,0.096661956541058
220,WAG002813,Immune response to tuberculosis,WikiPathway_2021,23,Homo sapiens,Immune response to tuberculosis,https://www.wikipathways.org/index.php/Pathway:WP4197,P,1333,6,2850.314258,.0540525823194078107717178592699736237557,0.0013099130823093,221,0.12182191665477
221,WAG002877,NRF2-ARE regulation,WikiPathway_2021,23,Homo sapiens,NRF2-ARE regulation,https://www.wikipathways.org/index.php/Pathway:WP4357,P,1333,6,736.7176276,.0540525823194078107717178592699736237557,0.0013099130823093,221,0.12051200357246
222,WAG002005,Angiogenesis,WikiPathway_2021,24,Homo sapiens,Angiogenesis,https://www.wikipathways.org/index.php/Pathway:WP1539,P,1333,6,3304.430641,.0518779342723004694835680751173708920188,0.0016465944777398,223,0.14984009747432
223,WAG003022,Sphingolipid metabolism overview,WikiPathway_2021,24,Homo sapiens,Sphingolipid metabolism overview,https://www.wikipathways.org/index.php/Pathway:WP4725,P,1333,6,1065.829293,.0518779342723004694835680751173708920188,0.0016465944777398,223,0.14819350299658
224,WAG002115,Unfolded Protein Response (UPR),WikiPathway_2021,17,Homo sapiens,Unfolded Protein Response (UPR),https://www.wikipathways.org/index.php/Pathway:WP1939,P,1333,5,631.8860136,.0603921568627450980392156862745098039216,0.0018833094842752,225,0.16761454410049
225,WAG002562,Amplification and expansion of oncogenic pathways as metastatic traits,WikiPathway_2021,17,Homo sapiens,Amplification and expansion of oncogenic pathways as metastatic traits,https://www.wikipathways.org/index.php/Pathway:WP3678,P,1333,5,348.7495973,.0603921568627450980392156862745098039216,0.0018833094842752,225,0.16573123461622
226,WAG003073,MAP3K1 role in promoting and blocking gonadal determination,WikiPathway_2021,17,Homo sapiens,MAP3K1 role in promoting and blocking gonadal determination,https://www.wikipathways.org/index.php/Pathway:WP4872,P,1333,5,367.7330706,.0603921568627450980392156862745098039216,0.0018833094842752,225,0.16384792513194
227,WAG003243,Inclusion body myositis,WikiPathway_2021,11,Homo sapiens,Inclusion body myositis,https://www.wikipathways.org/index.php/Pathway:WP5120,P,1333,4,909.7808795,.0739846401143061260939453473834613323808,0.0023552081638352,228,0.20254790208983
228,WAG003307,Nucleotide GPCRs,WikiPathway_2021,11,Homo sapiens,Nucleotide GPCRs,https://www.wikipathways.org/index.php/Pathway:WP80,P,1333,4,871.3645788,.0739846401143061260939453473834613323808,0.0023552081638352,228,0.20019269392599
229,WAG002074,Nephrin family interactions,WikiPathway_2021,18,Homo sapiens,Nephrin family interactions,https://www.wikipathways.org/index.php/Pathway:WP1867,P,1333,5,776.0343222,.0571235680996559083583779781349361906007,0.0024583824604984,230,0.20650412668186
230,WAG002258,"GABA synthesis, release, reuptake and degradation",WikiPathway_2021,18,Homo sapiens,"GABA synthesis, release, reuptake and degradation",https://www.wikipathways.org/index.php/Pathway:WP2685,P,1333,5,1388.153067,.0571235680996559083583779781349361906007,0.0024583824604984,230,0.20404574422136
231,WAG002724,Synaptic adhesion-like molecules,WikiPathway_2021,18,Homo sapiens,Synaptic adhesion-like molecules,https://www.wikipathways.org/index.php/Pathway:WP4054,P,1333,5,655.3863981,.0571235680996559083583779781349361906007,0.0024583824604984,230,0.20158736176087
232,WAG003197,Fatty acid transporters,WikiPathway_2021,18,Homo sapiens,Fatty acid transporters,https://www.wikipathways.org/index.php/Pathway:WP5061,P,1333,5,95.6609313,.0571235680996559083583779781349361906007,0.0024583824604984,230,0.19912897930037
233,WAG002400,Overview of nanoparticle effects,WikiPathway_2021,19,Homo sapiens,Overview of nanoparticle effects,https://www.wikipathways.org/index.php/Pathway:WP3287,P,1333,5,559.6678004,.0541989770664906781059231149975251608645,0.003145379272182,234,0.25163034177456
234,WAG002607,Apoptosis modulation by HSP70,WikiPathway_2021,19,Homo sapiens,Apoptosis modulation by HSP70,https://www.wikipathways.org/index.php/Pathway:WP384,P,1333,5,3843.967993,.0541989770664906781059231149975251608645,0.003145379272182,234,0.24848496250238
235,WAG002712,Nucleotide metabolism,WikiPathway_2021,19,Homo sapiens,Nucleotide metabolism,https://www.wikipathways.org/index.php/Pathway:WP404,P,1333,5,453.5466851,.0541989770664906781059231149975251608645,0.003145379272182,234,0.2453395832302
236,WAG003304,Serotonin receptor 4/6/7 and NR3C signaling,WikiPathway_2021,19,Homo sapiens,Serotonin receptor 4/6/7 and NR3C signaling,https://www.wikipathways.org/index.php/Pathway:WP734,P,1333,5,1047.852635,.0541989770664906781059231149975251608645,0.003145379272182,234,0.24219420395802
237,WAG002916,Biosynthesis of electrophilic omega-3 PUFA oxo-derivatives,WikiPathway_2021,2,Homo sapiens,Biosynthesis of electrophilic omega-3 PUFA oxo-derivatives,https://www.wikipathways.org/index.php/Pathway:WP4444,P,1333,2,126.2105263,.2006304176516942474389282899921197793538,0.0032862527248634,238,0.24975520708962
238,WAG002202,Nanomaterial induced apoptosis,WikiPathway_2021,20,Homo sapiens,Nanomaterial induced apoptosis,https://www.wikipathways.org/index.php/Pathway:WP2507,P,1333,5,5482.303544,.0515667841754798276537406972189580885233,0.0039537496596462,239,0.29653122447347
239,WAG002038,Dissolution of Fibrin Clot,WikiPathway_2021,13,Homo sapiens,Dissolution of Fibrin Clot,https://www.wikipathways.org/index.php/Pathway:WP1802,P,1333,4,1050.969816,.0627948415934281658663284104980218054423,0.004535282460201,240,0.33561090205487
240,WAG002624,BMP2-WNT4-FOXO1 pathway in primary endometrial stromal cell differentiation,WikiPathway_2021,13,Homo sapiens,BMP2-WNT4-FOXO1 pathway in primary endometrial stromal cell differentiation,https://www.wikipathways.org/index.php/Pathway:WP3876,P,1333,4,250.9110618,.0627948415934281658663284104980218054423,0.004535282460201,240,0.33107561959467
241,WAG002647,WikiPathways Academy: fig-met-1-last,WikiPathway_2021,13,Homo sapiens,WikiPathways Academy: fig-met-1-last,https://www.wikipathways.org/index.php/Pathway:WP3918,P,1333,4,742.7252909,.0627948415934281658663284104980218054423,0.004535282460201,240,0.32654033713447
242,WAG002716,Receptor-type tyrosine-protein phosphatases,WikiPathway_2021,13,Homo sapiens,Receptor-type tyrosine-protein phosphatases,https://www.wikipathways.org/index.php/Pathway:WP4046,P,1333,4,29.05602923,.0627948415934281658663284104980218054423,0.004535282460201,240,0.32200505467427
243,WAG003191,Transcriptional regulation of testis differentiation,WikiPathway_2021,13,Homo sapiens,Transcriptional regulation of testis differentiation,https://www.wikipathways.org/index.php/Pathway:WP5048,P,1333,4,959.1424785,.0627948415934281658663284104980218054423,0.004535282460201,240,0.31746977221407
244,WAG002629,Nanomaterial-induced inflammasome activation,WikiPathway_2021,7,Homo sapiens,Nanomaterial-induced inflammasome activation,https://www.wikipathways.org/index.php/Pathway:WP3890,P,1333,3,367.8049947,.0866584241879285152298527593570866584242,0.0052049713386728,245,0.35914302236843
245,WAG002676,fig-met-1-last-solution,WikiPathway_2021,14,Homo sapiens,fig-met-1-last-solution,https://www.wikipathways.org/index.php/Pathway:WP3961,P,1333,4,1015.366415,.0583987441130298273155416012558869701726,0.0059858103395221,246,0.4070351030875
246,WAG003052,Somatic sex determination,WikiPathway_2021,14,Homo sapiens,Somatic sex determination,https://www.wikipathways.org/index.php/Pathway:WP4814,P,1333,4,1003.67602,.0583987441130298273155416012558869701726,0.0059858103395221,246,0.40104929274798
