,GS_ID,NAME,SOURCE,GS_SIZE,ORGANISM,DESCRIPTION,LINK,TYPE,MULTI_N,OLAP,COCO_V2,SIMILARITY_SCORE,pvalue,Rank,pFDR
0,WAG003212,Malignant pleural mesothelioma,WikiPathway_2021,430,Homo sapiens,Malignant pleural mesothelioma,https://www.wikipathways.org/index.php/Pathway:WP5087,P,1333,76,1643.647427,.0603282948921289484244520456326078232788,1.3736839891806e-23,1,2.7061574586858e-21
1,WAG003294,Sudden infant death syndrome (SIDS) susceptibility pathways,WikiPathway_2021,160,Homo sapiens,Sudden infant death syndrome (SIDS) susceptibility pathways,https://www.wikipathways.org/index.php/Pathway:WP706,P,1333,43,520.3515382,.0694077150659990896677287209831588529813,4.0667717896224e-21,2,7.97087270766e-19
2,WAG002805,PI3K-Akt signaling pathway,WikiPathway_2021,341,Homo sapiens,PI3K-Akt signaling pathway,https://www.wikipathways.org/index.php/Pathway:WP4172,P,1333,63,2517.238566,.0583241924290926999619439905083835150321,7.9009171280579e-21,3,1.5406788399713e-18
3,WAG002659,Focal adhesion: PI3K-Akt-mTOR-signaling pathway,WikiPathway_2021,303,Homo sapiens,Focal adhesion: PI3K-Akt-mTOR-signaling pathway,https://www.wikipathways.org/index.php/Pathway:WP3932,P,1333,59,2281.29567,.0592537050606953982833739484103315667195,9.2695205820325e-21,4,1.7982869929143e-18
4,WAG002393,Focal adhesion,WikiPathway_2021,199,Homo sapiens,Focal adhesion,https://www.wikipathways.org/index.php/Pathway:WP306,P,1333,43,4929.347674,.0586006957866254348666408967916505604948,2.856258037792e-17,5,5.5125780129387e-15
5,WAG002190,Spinal cord injury,WikiPathway_2021,121,Homo sapiens,Spinal cord injury,https://www.wikipathways.org/index.php/Pathway:WP2431,P,1333,33,912.2650552,.0667225763166722576316672257631667225763,9.0971929939627e-17,6,1.7466610548408e-14
6,WAG003196,Burn wound healing,WikiPathway_2021,107,Homo sapiens,Burn wound healing,https://www.wikipathways.org/index.php/Pathway:WP5055,P,1333,30,1347.149916,.0672013310282973496418961953907945874982,9.7270909097443e-16,7,1.8578743637612e-13
7,WAG003063,AXL signaling pathway,WikiPathway_2021,95,Homo sapiens,AXL signaling pathway,https://www.wikipathways.org/index.php/Pathway:WP4847,P,1333,28,919.372195,.0693805309734513274336283185840707964601,2.1155213630229e-15,8,4.0194905897436e-13
8,WAG003031,IL-18 signaling pathway,WikiPathway_2021,274,Homo sapiens,IL-18 signaling pathway,https://www.wikipathways.org/index.php/Pathway:WP4754,P,1333,48,721.1273768,.0516887079722209912573356714632092731751,2.6136250294908e-15,9,4.9397513057377e-13
9,WAG002380,Nuclear receptors meta-pathway,WikiPathway_2021,318,Homo sapiens,Nuclear receptors meta-pathway,https://www.wikipathways.org/index.php/Pathway:WP2882,P,1333,52,566.0944592,.0504367128311537904743521690874873329151,3.4603472327766e-15,10,6.50545279762e-13
10,WAG003238,Network map of SARS-CoV-2 signaling pathway,WikiPathway_2021,226,Homo sapiens,Network map of SARS-CoV-2 signaling pathway,https://www.wikipathways.org/index.php/Pathway:WP5115,P,1333,43,1086.742255,.053254157884240122947454041350075668996,3.542143371967e-15,11,6.6238081055783e-13
11,WAG003219,Orexin receptor pathway,WikiPathway_2021,156,Homo sapiens,Orexin receptor pathway,https://www.wikipathways.org/index.php/Pathway:WP5094,P,1333,35,370.2991071,.0575932851035077295867845617959202693415,7.2593342853671e-15,12,1.3502361770783e-12
12,WAG002670,TYROBP causal network in microglia,WikiPathway_2021,60,Homo sapiens,TYROBP causal network in microglia,https://www.wikipathways.org/index.php/Pathway:WP3945,P,1333,22,221.1523998,.0816430594900849858356940509915014164306,1.2658855248146e-14,13,2.341888220907e-12
13,WAG003210,Neuroinflammation and glutamatergic signaling,WikiPathway_2021,140,Homo sapiens,Neuroinflammation and glutamatergic signaling,https://www.wikipathways.org/index.php/Pathway:WP5083,P,1333,31,1248.281118,.0556150884291587809175748874241336552894,3.5126619104584e-13,14,6.4632979152434e-11
14,WAG002152,Neural crest differentiation,WikiPathway_2021,101,Homo sapiens,Neural crest differentiation,https://www.wikipathways.org/index.php/Pathway:WP2064,P,1333,26,647.6395286,.0611371206726241069582596310675151041786,6.7818625532924e-13,15,1.2410808472525e-10
15,WAG002517,MECP2 and associated Rett syndrome,WikiPathway_2021,73,Homo sapiens,MECP2 and associated Rett syndrome,https://www.wikipathways.org/index.php/Pathway:WP3584,P,1333,22,223.8509879,.0685330059204309508044972133476469340396,1.2337150451692e-12,16,2.2453613822079e-10
16,WAG002860,"Oligodendrocyte specification and differentiation, leading to myelin components for CNS",WikiPathway_2021,31,Homo sapiens,"Oligodendrocyte specification and differentiation, leading to myelin components for CNS",https://www.wikipathways.org/index.php/Pathway:WP4304,P,1333,15,536.019499,.1024993843880817532627431667077074612164,1.6027286472674e-12,17,2.9009388515539e-10
17,WAG002340,Regulation of IGF transport and uptake by IGF binding proteins,WikiPathway_2021,126,Homo sapiens,Regulation of IGF transport and uptake by IGF binding proteins,https://www.wikipathways.org/index.php/Pathway:WP2799,P,1333,28,563.9224936,.054729109274563820018365472910927456382,4.2990515033251e-12,18,7.7382927059851e-10
18,WAG002186,Brain-derived neurotrophic factor (BDNF) signaling pathway,WikiPathway_2021,144,Homo sapiens,Brain-derived neurotrophic factor (BDNF) signaling pathway,https://www.wikipathways.org/index.php/Pathway:WP2380,P,1333,30,2476.639133,.052605591005773321178972956548161652993,4.3243653961511e-12,19,7.7406140591105e-10
19,WAG002173,Allograft Rejection,WikiPathway_2021,94,Homo sapiens,Allograft Rejection,https://www.wikipathways.org/index.php/Pathway:WP2328,P,1333,24,1120.605639,.0599940623453735774369124195942602671945,6.1710364414878e-12,20,1.0984444865848e-09
20,WAG002970,Hippo-Merlin signaling dysregulation,WikiPathway_2021,122,Homo sapiens,Hippo-Merlin signaling dysregulation,https://www.wikipathways.org/index.php/Pathway:WP4541,P,1333,27,1230.322057,.0541933295647258338044092707744488411532,1.1341903405751e-11,21,2.007516902818e-09
21,WAG002969,Hippo signaling regulation pathways,WikiPathway_2021,98,Homo sapiens,Hippo signaling regulation pathways,https://www.wikipathways.org/index.php/Pathway:WP4540,P,1333,24,862.1468483,.0578932408618043317605593769541242680916,1.6010347135781e-11,22,2.8178210958974e-09
22,WAG002771,Post-translational protein phosphorylation,WikiPathway_2021,109,Homo sapiens,Post-translational protein phosphorylation,https://www.wikipathways.org/index.php/Pathway:WP4110,P,1333,25,393.5992182,.0551137038104766911428038460886228357272,2.8298421123585e-11,23,4.9522236966273e-09
23,WAG002925,Transcriptional regulation by MECP2,WikiPathway_2021,62,Homo sapiens,Transcriptional regulation by MECP2,https://www.wikipathways.org/index.php/Pathway:WP4453,P,1333,19,259.7884932,.0684500022791849634570677525716803671007,2.9809692369545e-11,24,5.1868864723008e-09
24,WAG002789,Neurexins and neuroligins,WikiPathway_2021,56,Homo sapiens,Neurexins and neuroligins,https://www.wikipathways.org/index.php/Pathway:WP4133,P,1333,18,668.9833429,.071084581141238365034399028733306353703,4.023532344089e-11,25,6.960710955274e-09
25,WAG003024,Endochondral ossification,WikiPathway_2021,64,Homo sapiens,Endochondral ossification,https://www.wikipathways.org/index.php/Pathway:WP474,P,1333,19,749.4469403,.0665279411764705882352941176470588235294,5.51745934417e-11,26,9.4900300719725e-09
26,WAG003050,Endochondral ossification with skeletal dysplasias,WikiPathway_2021,64,Homo sapiens,Endochondral ossification with skeletal dysplasias,https://www.wikipathways.org/index.php/Pathway:WP4808,P,1333,19,749.4469403,.0665279411764705882352941176470588235294,5.51745934417e-11,26,9.4348554785308e-09
27,WAG002345,Complement system,WikiPathway_2021,97,Homo sapiens,Complement system,https://www.wikipathways.org/index.php/Pathway:WP2806,P,1333,23,948.6903875,.0559649273947295369918348983909102221712,8.4189776547137e-11,28,1.4312262013013e-08
28,WAG002732,Interleukin-4 and Interleukin-13 signaling,WikiPathway_2021,107,Homo sapiens,Interleukin-4 and Interleukin-13 signaling,https://www.wikipathways.org/index.php/Pathway:WP4066,P,1333,24,2929.28819,.0537363734169831620153732484736930794457,1.137141120558e-10,29,1.9217684937431e-08
29,WAG003049,EGFR tyrosine kinase inhibitor resistance,WikiPathway_2021,84,Homo sapiens,EGFR tyrosine kinase inhibitor resistance,https://www.wikipathways.org/index.php/Pathway:WP4806,P,1333,21,7784.38757,.0578394773681754549696686887540830611293,1.90601719796e-10,30,3.2021088925727e-08
30,WAG002804,GABA receptor signaling,WikiPathway_2021,31,Homo sapiens,GABA receptor signaling,https://www.wikipathways.org/index.php/Pathway:WP4159,P,1333,13,873.9868229,.0888280697438420615640087333558842522832,4.5799778694034e-10,31,7.6485630419038e-08
31,WAG002359,Hematopoietic stem cell differentiation,WikiPathway_2021,65,Homo sapiens,Hematopoietic stem cell differentiation,https://www.wikipathways.org/index.php/Pathway:WP2849,P,1333,18,406.8458035,.0621547141152218726266681132689595313009,6.1405660941781e-10,32,1.0193339716336e-07
32,WAG002054,Interferon alpha/beta signaling,WikiPathway_2021,54,Homo sapiens,Interferon alpha/beta signaling,https://www.wikipathways.org/index.php/Pathway:WP1835,P,1333,16,8166.916961,.0653026964641695519882488721015633196937,1.8349326950588e-09,33,3.027638946847e-07
33,WAG002537,Lung fibrosis,WikiPathway_2021,63,Homo sapiens,Lung fibrosis,https://www.wikipathways.org/index.php/Pathway:WP3624,P,1333,17,1391.930268,.0603652436201824724872702295091758873509,2.8065708146259e-09,34,4.6027761359865e-07
34,WAG002267,Extracellular matrix organization,WikiPathway_2021,81,Homo sapiens,Extracellular matrix organization,https://www.wikipathways.org/index.php/Pathway:WP2703,P,1333,19,2506.745129,.0540097520489677352422450461666147940658,4.2544803308222e-09,35,6.9348029392402e-07
35,WAG002545,Imatinib and chronic myeloid leukemia,WikiPathway_2021,20,Homo sapiens,Imatinib and chronic myeloid leukemia,https://www.wikipathways.org/index.php/Pathway:WP3640,P,1333,10,428.7164433,.1038277511961722488038277511961722488038,5.8829347611634e-09,36,9.5303543130847e-07
36,WAG002696,NO/cGMP/PKG mediated neuroprotection,WikiPathway_2021,47,Homo sapiens,NO/cGMP/PKG mediated neuroprotection,https://www.wikipathways.org/index.php/Pathway:WP4008,P,1333,14,768.148723,.0648749886719497336649515159448600859925,1.7296762742702e-08,37,2.7847788015751e-06
37,WAG002477,NOTCH1 regulation of endothelial cell calcification,WikiPathway_2021,17,Homo sapiens,NOTCH1 regulation of endothelial cell calcification,https://www.wikipathways.org/index.php/Pathway:WP3413,P,1333,9,340.4420222,.1093306288032454361054766734279918864097,1.8201649943544e-08,38,2.9122639909671e-06
38,WAG002874,"Non-genomic actions of 1,25 dihydroxyvitamin D3",WikiPathway_2021,71,Homo sapiens,"Non-genomic actions of 1,25 dihydroxyvitamin D3",https://www.wikipathways.org/index.php/Pathway:WP4341,P,1333,17,2106.153164,.0542603323785260767981836661958630885595,1.9578486065512e-08,39,3.1129792844164e-06
39,WAG002284,Collagen biosynthesis and modifying enzymes,WikiPathway_2021,67,Homo sapiens,Collagen biosynthesis and modifying enzymes,https://www.wikipathways.org/index.php/Pathway:WP2725,P,1333,16,9486.083749,.0537677637154443642883657731987645068884,5.2500238689935e-08,40,8.2950377130097e-06
40,WAG003186,SARS-CoV-2 innate immunity evasion and cell-specific immune response,WikiPathway_2021,67,Homo sapiens,SARS-CoV-2 innate immunity evasion and cell-specific immune response,https://www.wikipathways.org/index.php/Pathway:WP5039,P,1333,16,1710.670831,.0537677637154443642883657731987645068884,5.2500238689935e-08,40,8.2425374743197e-06
41,WAG002729,Interleukin-10 signaling,WikiPathway_2021,46,Homo sapiens,Interleukin-10 signaling,https://www.wikipathways.org/index.php/Pathway:WP4063,P,1333,13,4309.698489,.0614436511039321796744788987427724850306,1.1022077143432e-07,42,1.7194440343755e-05
42,WAG002245,Potassium Channels,WikiPathway_2021,64,Homo sapiens,Potassium Channels,https://www.wikipathways.org/index.php/Pathway:WP2669,P,1333,15,841.9633297,.0525114490371066228276186002818224518553,1.7552532843548e-07,43,2.7206425907499e-05
43,WAG002928,GABA receptor activation,WikiPathway_2021,60,Homo sapiens,GABA receptor activation,https://www.wikipathways.org/index.php/Pathway:WP4457,P,1333,14,4857.735422,.0519347757917842583882094700533082470994,4.7140994271751e-07,44,7.2597131178497e-05
44,WAG003195,Development of ureteric collection system,WikiPathway_2021,60,Homo sapiens,Development of ureteric collection system,https://www.wikipathways.org/index.php/Pathway:WP5053,P,1333,14,384.6539423,.0519347757917842583882094700533082470994,4.7140994271751e-07,44,7.2125721235779e-05
45,WAG002366,Apoptosis-related network due to altered Notch3 in ovarian cancer,WikiPathway_2021,53,Homo sapiens,Apoptosis-related network due to altered Notch3 in ovarian cancer,https://www.wikipathways.org/index.php/Pathway:WP2864,P,1333,13,570.799701,.0539622641509433962264150943396226415094,6.5179856479598e-07,46,9.9073381848989e-05
46,WAG002588,Smooth Muscle Contraction,WikiPathway_2021,38,Homo sapiens,Smooth Muscle Contraction,https://www.wikipathways.org/index.php/Pathway:WP3811,P,1333,11,2045.981858,.0620712911847725626358254440086928284166,7.940175666404e-07,47,0.0001198966525627
47,WAG003134,NGF-stimulated transcription,WikiPathway_2021,39,Homo sapiens,NGF-stimulated transcription,https://www.wikipathways.org/index.php/Pathway:WP4982,P,1333,11,568.9335685,.0605848294652848732545127232034252907118,1.0542150321899e-06,48,0.00015813225482848
48,WAG002355,Hair follicle development: organogenesis - part 2 of 3,WikiPathway_2021,32,Homo sapiens,Hair follicle development: organogenesis - part 2 of 3,https://www.wikipathways.org/index.php/Pathway:WP2839,P,1333,10,668.6444665,.066305899143672692673644148430066603235,1.1558367603004e-06,49,0.00017221967728476
49,WAG002548,Hepatitis C and hepatocellular carcinoma,WikiPathway_2021,56,Homo sapiens,Hepatitis C and hepatocellular carcinoma,https://www.wikipathways.org/index.php/Pathway:WP3646,P,1333,13,2478.594488,.051327299643361819527622636430926586367,1.2681555262875e-06,50,0.00018768701789055
50,WAG002666,Oxidative damage response,WikiPathway_2021,40,Homo sapiens,Oxidative damage response,https://www.wikipathways.org/index.php/Pathway:WP3941,P,1333,11,791.6649142,.0591725936462778568041725936462778568042,1.3860638417416e-06,51,0.00020375138473602
51,WAG002358,Pluripotent stem cell differentiation pathway,WikiPathway_2021,48,Homo sapiens,Pluripotent stem cell differentiation pathway,https://www.wikipathways.org/index.php/Pathway:WP2848,P,1333,12,1191.829139,.0545368620037807183364839319470699432892,1.3975312633374e-06,52,0.00020403956444725
52,WAG003204,PPAR Beta/Delta pathway,WikiPathway_2021,26,Homo sapiens,PPAR Beta/Delta pathway,https://www.wikipathways.org/index.php/Pathway:WP5073,P,1333,9,1741.419898,.0726642456256190161769560911191812479366,1.5196175030278e-06,53,0.00022034453793904
53,WAG003213,Prostaglandin signaling,WikiPathway_2021,33,Homo sapiens,Prostaglandin signaling,https://www.wikipathways.org/index.php/Pathway:WP5088,P,1333,10,1716.990063,.0644101500021614144296027320278390178533,1.5807664705479e-06,54,0.00022763037175889
54,WAG002753,Collagen chain trimerization,WikiPathway_2021,41,Homo sapiens,Collagen chain trimerization,https://www.wikipathways.org/index.php/Pathway:WP4094,P,1333,11,25072.11074,.0578291526991099294879204716217778291527,1.8056658751165e-06,55,0.00025821022014167
55,WAG002532,Photodynamic therapy-induced AP-1 survival signaling.,WikiPathway_2021,50,Homo sapiens,Photodynamic therapy-induced AP-1 survival signaling.,https://www.wikipathways.org/index.php/Pathway:WP3611,P,1333,12,3337.111242,.0525325779036827195467422096317280453258,2.2127778588284e-06,56,0.00031421445595363
56,WAG002343,Hair follicle development: induction - Part 1 of 3,WikiPathway_2021,42,Homo sapiens,Hair follicle development: induction - Part 1 of 3,https://www.wikipathways.org/index.php/Pathway:WP2804,P,1333,11,484.0496652,.0565495928357131578353747941620987570775,2.3319329517126e-06,57,0.00032880254619148
57,WAG002797,Splicing factor NOVA regulated synaptic proteins,WikiPathway_2021,42,Homo sapiens,Splicing factor NOVA regulated synaptic proteins,https://www.wikipathways.org/index.php/Pathway:WP4148,P,1333,11,106.2478744,.0565495928357131578353747941620987570775,2.3319329517126e-06,57,0.00032647061323977
58,WAG003122,Galanin receptor pathway,WikiPathway_2021,21,Homo sapiens,Galanin receptor pathway,https://www.wikipathways.org/index.php/Pathway:WP4970,P,1333,8,502.4071979,.0792482879439401178531613314222009874184,2.5599936285361e-06,59,0.00035583911436652
59,WAG002536,Photodynamic therapy-induced NF-kB survival signaling,WikiPathway_2021,35,Homo sapiens,Photodynamic therapy-induced NF-kB survival signaling,https://www.wikipathways.org/index.php/Pathway:WP3617,P,1333,10,4050.816759,.0609433322022395656599932134373939599592,2.8486047786181e-06,60,0.00039310745944929
60,WAG003096,Mitochondrial complex IV assembly,WikiPathway_2021,35,Homo sapiens,Mitochondrial complex IV assembly,https://www.wikipathways.org/index.php/Pathway:WP4922,P,1333,10,748.6075596,.0609433322022395656599932134373939599592,2.8486047786181e-06,60,0.00039025885467068
61,WAG002241,Vasopressin regulates renal water homeostasis via aquaporins,WikiPathway_2021,43,Homo sapiens,Vasopressin regulates renal water homeostasis via aquaporins,https://www.wikipathways.org/index.php/Pathway:WP2662,P,1333,11,8306.114194,.0553294573643410852713178294573643410853,2.9869305641288e-06,62,0.00040622255672152
62,WAG003056,Genes controlling nephrogenesis,WikiPathway_2021,44,Homo sapiens,Genes controlling nephrogenesis,https://www.wikipathways.org/index.php/Pathway:WP4823,P,1333,11,404.5612117,.0541646947468054898248935163274964505443,3.7962427168899e-06,63,0.00051249276678014
63,WAG002858,Extracellular vesicles in the crosstalk of cardiac cells,WikiPathway_2021,22,Homo sapiens,Extracellular vesicles in the crosstalk of cardiac cells,https://www.wikipathways.org/index.php/Pathway:WP4300,P,1333,8,609.697881,.0757836242076929756012850568724494225927,3.8344523368105e-06,64,0.00051381661313261
64,WAG003308,Prostaglandin synthesis and regulation,WikiPathway_2021,45,Homo sapiens,Prostaglandin synthesis and regulation,https://www.wikipathways.org/index.php/Pathway:WP98,P,1333,11,599.7199962,.0530516135814149059182171764953221906864,4.7893568234855e-06,65,0.00063698445752357
65,WAG002452,"TET1,2,3 and TDG demethylate DNA",WikiPathway_2021,4,Homo sapiens,"TET1,2,3 and TDG demethylate DNA",https://www.wikipathways.org/index.php/Pathway:WP3372,P,1333,4,0,.2015384615384615384615384615384615384615,4.8620213190572e-06,66,0.00064178681411554
66,WAG003150,Cell recruitment (pro-inflammatory response),WikiPathway_2021,23,Homo sapiens,Cell recruitment (pro-inflammatory response),https://www.wikipathways.org/index.php/Pathway:WP4998,P,1333,8,514.8554052,.072620109992736328733008197571858462177,5.6041435683227e-06,67,0.00073414280745028
67,WAG003266,Complement activation,WikiPathway_2021,23,Homo sapiens,Complement activation,https://www.wikipathways.org/index.php/Pathway:WP545,P,1333,8,2891.649795,.072620109992736328733008197571858462177,5.6041435683227e-06,67,0.00072853866388196
68,WAG003106,GPR143 in melanocytes and retinal pigment epithelium cells,WikiPathway_2021,30,Homo sapiens,GPR143 in melanocytes and retinal pigment epithelium cells,https://www.wikipathways.org/index.php/Pathway:WP4941,P,1333,9,939.9495519,.0634269395525940028557829604950023798191,5.7439129966547e-06,69,0.00074096477656846
69,WAG002254,Notch signaling,WikiPathway_2021,46,Homo sapiens,Notch signaling,https://www.wikipathways.org/index.php/Pathway:WP268,P,1333,11,1846.930142,.0519868434577037722273614965566861959091,6.0000673615492e-06,70,0.0007680086222783
70,WAG002386,miRNA targets in ECM and membrane receptors,WikiPathway_2021,46,Homo sapiens,miRNA targets in ECM and membrane receptors,https://www.wikipathways.org/index.php/Pathway:WP2911,P,1333,11,1098.26871,.0519868434577037722273614965566861959091,6.0000673615492e-06,70,0.00076200855491675
71,WAG002562,Amplification and expansion of oncogenic pathways as metastatic traits,WikiPathway_2021,17,Homo sapiens,Amplification and expansion of oncogenic pathways as metastatic traits,https://www.wikipathways.org/index.php/Pathway:WP3678,P,1333,7,348.7495973,.0850323670137911623979735434843793976921,6.0304922789746e-06,72,0.0007598420271508
72,WAG002798,White fat cell differentiation,WikiPathway_2021,32,Homo sapiens,White fat cell differentiation,https://www.wikipathways.org/index.php/Pathway:WP4149,P,1333,9,530.8506693,.0596736804564907275320970042796005706134,1.0231046821436e-05,73,0.0012788808526795
73,WAG003236,Antiviral and anti-inflammatory effects of Nrf2 on SARS-CoV-2 pathway,WikiPathway_2021,32,Homo sapiens,Antiviral and anti-inflammatory effects of Nrf2 on SARS-CoV-2 pathway,https://www.wikipathways.org/index.php/Pathway:WP5113,P,1333,9,726.3245447,.0596736804564907275320970042796005706134,1.0231046821436e-05,73,0.0012686498058581
74,WAG003160,Assembly and cell surface presentation of NMDA receptors,WikiPathway_2021,25,Homo sapiens,Assembly and cell surface presentation of NMDA receptors,https://www.wikipathways.org/index.php/Pathway:WP5007,P,1333,8,2091.235419,.0670519790176442536957558416785884597043,1.1231268655434e-05,75,0.0013814460446184
75,WAG003218,Opioid receptor pathway annotation,WikiPathway_2021,41,Homo sapiens,Opioid receptor pathway annotation,https://www.wikipathways.org/index.php/Pathway:WP5093,P,1333,10,182.6834869,.0525701609455696641286640246790909406015,1.3048095599516e-05,76,0.0015918676631409
76,WAG003076,Disruption of postsynaptic signaling by CNV,WikiPathway_2021,33,Homo sapiens,Disruption of postsynaptic signaling by CNV,https://www.wikipathways.org/index.php/Pathway:WP4875,P,1333,9,1027.960695,.0579675077773937089526443138610438990667,1.3409036683414e-05,77,0.0016224934386931
77,WAG002742,Oxidative stress response,WikiPathway_2021,34,Homo sapiens,Oxidative stress response,https://www.wikipathways.org/index.php/Pathway:WP408,P,1333,9,608.7127816,.0563616040240324158166829677239066648037,1.7382442983108e-05,78,0.002085893157973
78,WAG002610,Canonical and non-canonical Notch signaling,WikiPathway_2021,27,Homo sapiens,Canonical and non-canonical Notch signaling,https://www.wikipathways.org/index.php/Pathway:WP3845,P,1333,8,1923.310303,.0623083302454431563531134755527323416795,2.0944746548327e-05,79,0.0024924248392509
79,WAG002931,OAS antiviral response,WikiPathway_2021,9,Homo sapiens,OAS antiviral response,https://www.wikipathways.org/index.php/Pathway:WP4460,P,1333,5,874.0637183,.1130304969076562166773299210919172531456,2.3712492723391e-05,80,0.0027980741413602
80,WAG003039,Somitogenesis in the context of spondylocostal dysostosis,WikiPathway_2021,9,Homo sapiens,Somitogenesis in the context of spondylocostal dysostosis,https://www.wikipathways.org/index.php/Pathway:WP4785,P,1333,5,1033.005531,.1130304969076562166773299210919172531456,2.3712492723391e-05,80,0.0027743616486368
81,WAG003277,Type II interferon signaling (IFNG),WikiPathway_2021,37,Homo sapiens,Type II interferon signaling (IFNG),https://www.wikipathways.org/index.php/Pathway:WP619,P,1333,9,3084.210224,.0520642084209446638289143032976050053848,3.5703272452133e-05,82,0.0041415796044475
82,WAG003035,PKC-gamma calcium signaling pathway in ataxia,WikiPathway_2021,22,Homo sapiens,PKC-gamma calcium signaling pathway in ataxia,https://www.wikipathways.org/index.php/Pathway:WP4760,P,1333,7,905.1131886,.0663093946626166196571924495552180516381,4.1602235599456e-05,83,0.0047842570939374
83,WAG003057,mBDNF and proBDNF regulation of GABA neurotransmission,WikiPathway_2021,38,Homo sapiens,mBDNF and proBDNF regulation of GABA neurotransmission,https://www.wikipathways.org/index.php/Pathway:WP4829,P,1333,9,1271.723389,.0507823613086770981507823613086770981508,4.4592931110152e-05,84,0.0050835941465573
84,WAG002813,Immune response to tuberculosis,WikiPathway_2021,23,Homo sapiens,Immune response to tuberculosis,https://www.wikipathways.org/index.php/Pathway:WP4197,P,1333,7,2850.314258,.0635413209425821440424825755061400597411,5.7001141890054e-05,85,0.0064411290335761
85,WAG002960,Inflammatory response pathway,WikiPathway_2021,31,Homo sapiens,Inflammatory response pathway,https://www.wikipathways.org/index.php/Pathway:WP453,P,1333,8,1121.798483,.0546561747426870983081005629438743423373,6.1429794973076e-05,86,0.0068801370369845
86,WAG002671,Serotonin and anxiety,WikiPathway_2021,17,Homo sapiens,Serotonin and anxiety,https://www.wikipathways.org/index.php/Pathway:WP3947,P,1333,6,164.892217,.0728837876614060258249641319942611190818,7.8037699792244e-05,87,0.0086621846769391
87,WAG002933,Platelet-mediated interactions with vascular and circulating cells,WikiPathway_2021,17,Homo sapiens,Platelet-mediated interactions with vascular and circulating cells,https://www.wikipathways.org/index.php/Pathway:WP4462,P,1333,6,2007.802305,.0728837876614060258249641319942611190818,7.8037699792244e-05,87,0.0085841469771469
88,WAG002946,Cells and molecules involved in local acute inflammatory response,WikiPathway_2021,17,Homo sapiens,Cells and molecules involved in local acute inflammatory response,https://www.wikipathways.org/index.php/Pathway:WP4493,P,1333,6,1656.327624,.0728837876614060258249641319942611190818,7.8037699792244e-05,87,0.0085061092773546
89,WAG003141,FOXO-mediated transcription of cell cycle genes,WikiPathway_2021,17,Homo sapiens,FOXO-mediated transcription of cell cycle genes,https://www.wikipathways.org/index.php/Pathway:WP4989,P,1333,6,1194.716766,.0728837876614060258249641319942611190818,7.8037699792244e-05,87,0.0084280715775624
90,WAG002361,Gene regulatory network modelling somitogenesis,WikiPathway_2021,11,Homo sapiens,Gene regulatory network modelling somitogenesis,https://www.wikipathways.org/index.php/Pathway:WP2854,P,1333,5,671.3684429,.0928266364507975246230279787326767192539,7.8983720006135e-05,91,0.0084512580406564
91,WAG003155,Creatine metabolism,WikiPathway_2021,11,Homo sapiens,Creatine metabolism,https://www.wikipathways.org/index.php/Pathway:WP5002,P,1333,5,471.5533523,.0928266364507975246230279787326767192539,7.8983720006135e-05,91,0.0083722743206503
92,WAG002939,Resistin as a regulator of inflammation,WikiPathway_2021,33,Homo sapiens,Resistin as a regulator of inflammation,https://www.wikipathways.org/index.php/Pathway:WP4481,P,1333,8,3313.54452,.0515252285323544230907651335204779385302,9.8224817769973e-05,93,0.010313605865847
93,WAG003080,Host-pathogen interaction of human coronaviruses - interferon induction,WikiPathway_2021,33,Homo sapiens,Host-pathogen interaction of human coronaviruses - interferon induction,https://www.wikipathways.org/index.php/Pathway:WP4880,P,1333,8,3415.803765,.0515252285323544230907651335204779385302,9.8224817769973e-05,93,0.010215381048077
94,WAG003202,PPAR-gamma pathway,WikiPathway_2021,25,Homo sapiens,PPAR-gamma pathway,https://www.wikipathways.org/index.php/Pathway:WP5071,P,1333,7,2517.7586,.0586692087702573879885605338417540514776,0.00010153832591786,95,0.010458447569539
95,WAG001977,Alanine and aspartate metabolism,WikiPathway_2021,12,Homo sapiens,Alanine and aspartate metabolism,https://www.wikipathways.org/index.php/Pathway:WP106,P,1333,5,1470.608737,.0852499600702763136879092796677846989299,0.00012905194014315,96,0.013163297894601
96,WAG002553,Wnt/beta-catenin signaling pathway in leukemia,WikiPathway_2021,26,Homo sapiens,Wnt/beta-catenin signaling pathway in leukemia,https://www.wikipathways.org/index.php/Pathway:WP3658,P,1333,7,1373.495975,.0565140909590647561109685931029427932715,0.0001324363892089,97,0.013376075310099
97,WAG002400,Overview of nanoparticle effects,WikiPathway_2021,19,Homo sapiens,Overview of nanoparticle effects,https://www.wikipathways.org/index.php/Pathway:WP3287,P,1333,6,559.6678004,.0654512535519400507958860361606357029698,0.00015542031374016,98,0.015542031374016
98,WAG003014,Aspirin and miRNAs,WikiPathway_2021,19,Homo sapiens,Aspirin and miRNAs,https://www.wikipathways.org/index.php/Pathway:WP4707,P,1333,6,69.46268594,.0654512535519400507958860361606357029698,0.00015542031374016,98,0.015386611060275
99,WAG003036,FGFR3 signaling in chondrocyte proliferation and terminal differentiation,WikiPathway_2021,27,Homo sapiens,FGFR3 signaling in chondrocyte proliferation and terminal differentiation,https://www.wikipathways.org/index.php/Pathway:WP4767,P,1333,7,950.2639293,.0545185185185185185185185185185185185186,0.00017041122681269,100,0.016700300227643
100,WAG002818,Transcriptional cascade regulating adipogenesis,WikiPathway_2021,13,Homo sapiens,Transcriptional cascade regulating adipogenesis,https://www.wikipathways.org/index.php/Pathway:WP4211,P,1333,5,598.9972476,.0788387857353374594753905098732684939581,0.00019987623863821,101,0.019387995147907
101,WAG003165,EGR2 and SOX10-mediated initiation of Schwann cell myelination,WikiPathway_2021,29,Homo sapiens,EGR2 and SOX10-mediated initiation of Schwann cell myelination,https://www.wikipathways.org/index.php/Pathway:WP5011,P,1333,7,214.8752965,.0509399914695364021129302142458742084714,0.00027209779022251,102,0.026121387861361
102,WAG002165,Glial cell differentiation,WikiPathway_2021,8,Homo sapiens,Glial cell differentiation,https://www.wikipathways.org/index.php/Pathway:WP2276,P,1333,4,144.8985857,.1015355086372360844529750479846449136276,0.00028084023508326,103,0.02667982233291
103,WAG001990,Globo sphingolipid metabolism,WikiPathway_2021,21,Homo sapiens,Globo sphingolipid metabolism,https://www.wikipathways.org/index.php/Pathway:WP1424,P,1333,6,428.1362256,.0594340265939311285373337879304466416638,0.00028238242270176,104,0.026543947733966
104,WAG002639,WikiPathways Academy: met-1-last,WikiPathway_2021,14,Homo sapiens,WikiPathways Academy: met-1-last,https://www.wikipathways.org/index.php/Pathway:WP3907,P,1333,5,3801.468479,.0733433631949668330711892224577720030089,0.00029633945393206,105,0.027559569215682
105,WAG003044,FGF23 signaling in hypophosphatemic rickets and related disorders,WikiPathway_2021,22,Homo sapiens,FGF23 signaling in hypophosphatemic rickets and related disorders,https://www.wikipathways.org/index.php/Pathway:WP4790,P,1333,6,545.6177486,.0568355308813324080499653018736988202637,0.00037007485314017,106,0.034046886488895
106,WAG003116,STING pathway in Kawasaki-like disease and COVID-19,WikiPathway_2021,22,Homo sapiens,STING pathway in Kawasaki-like disease and COVID-19,https://www.wikipathways.org/index.php/Pathway:WP4961,P,1333,6,1132.750628,.0568355308813324080499653018736988202637,0.00037007485314017,106,0.033676811635755
107,WAG002119,Cholesterol biosynthesis pathway,WikiPathway_2021,15,Homo sapiens,Cholesterol biosynthesis pathway,https://www.wikipathways.org/index.php/Pathway:WP197,P,1333,5,4519.454651,.0685805422647527910685805422647527910686,0.00042366543611574,108,0.038129889250417
108,WAG002391,Transcriptional activation by NRF2 in response to phytochemicals,WikiPathway_2021,15,Homo sapiens,Transcriptional activation by NRF2 in response to phytochemicals,https://www.wikipathways.org/index.php/Pathway:WP3,P,1333,5,702.9769938,.0685805422647527910685805422647527910686,0.00042366543611574,108,0.037706223814301
109,WAG002646,WikiPathways Academy: wp-publish test,WikiPathway_2021,15,Homo sapiens,WikiPathways Academy: wp-publish test,https://www.wikipathways.org/index.php/Pathway:WP3917,P,1333,5,4519.454651,.0685805422647527910685805422647527910686,0.00042366543611574,108,0.037282558378185
110,WAG003083,COVID-19 adverse outcome pathway,WikiPathway_2021,15,Homo sapiens,COVID-19 adverse outcome pathway,https://www.wikipathways.org/index.php/Pathway:WP4891,P,1333,5,1871.396346,.0685805422647527910685805422647527910686,0.00042366543611574,108,0.03685889294207
111,WAG002877,NRF2-ARE regulation,WikiPathway_2021,23,Homo sapiens,NRF2-ARE regulation,https://www.wikipathways.org/index.php/Pathway:WP4357,P,1333,6,736.7176276,.0544628973067114511413820986502456926044,0.0004772184487643,112,0.04104078659373
112,WAG002518,Cytosine methylation,WikiPathway_2021,9,Homo sapiens,Cytosine methylation,https://www.wikipathways.org/index.php/Pathway:WP3585,P,1333,4,93.72320855,.0904236610711430855315747402078337330136,0.00048179993042648,113,0.040952994086251
113,WAG003013,Pathways of nucleic acid metabolism and innate immune sensing,WikiPathway_2021,16,Homo sapiens,Pathways of nucleic acid metabolism and innate immune sensing,https://www.wikipathways.org/index.php/Pathway:WP4705,P,1333,5,518.042185,.0644129603060736489717838354854136776662,0.0005873434746603,114,0.049336851871465
114,WAG002367,IL1 and megakaryocytes in obesity,WikiPathway_2021,24,Homo sapiens,IL1 and megakaryocytes in obesity,https://www.wikipathways.org/index.php/Pathway:WP2865,P,1333,6,996.7354714,.0522878932316491897044804575786463298379,0.00060646286477384,115,0.050336417776229
115,WAG002076,Neurotransmitter clearance,WikiPathway_2021,10,Homo sapiens,Neurotransmitter clearance,https://www.wikipathways.org/index.php/Pathway:WP1870,P,1333,4,211.7106088,.0815340364333652924256951102588686481304,0.00076533204783489,116,0.062757227922461
116,WAG002258,"GABA synthesis, release, reuptake and degradation",WikiPathway_2021,18,Homo sapiens,"GABA synthesis, release, reuptake and degradation",https://www.wikipathways.org/index.php/Pathway:WP2685,P,1333,5,1388.153067,.0574666879014705101661623400753835536445,0.0010465769367752,117,0.084772731878793
117,WAG002616,TGF-beta signaling in thyroid cells for epithelial-mesenchymal transition,WikiPathway_2021,18,Homo sapiens,TGF-beta signaling in thyroid cells for epithelial-mesenchymal transition,https://www.wikipathways.org/index.php/Pathway:WP3859,P,1333,5,1897.546702,.0574666879014705101661623400753835536445,0.0010465769367752,117,0.083726154942018
118,WAG002680,miR-509-3p alteration of YAP1/ECM axis,WikiPathway_2021,18,Homo sapiens,miR-509-3p alteration of YAP1/ECM axis,https://www.wikipathways.org/index.php/Pathway:WP3967,P,1333,5,319.4301424,.0574666879014705101661623400753835536445,0.0010465769367752,117,0.082679578005243
119,WAG003197,Fatty acid transporters,WikiPathway_2021,18,Homo sapiens,Fatty acid transporters,https://www.wikipathways.org/index.php/Pathway:WP5061,P,1333,5,95.6609313,.0574666879014705101661623400753835536445,0.0010465769367752,117,0.081633001068468
120,WAG002037,Presynaptic depolarization and calcium channel opening,WikiPathway_2021,11,Homo sapiens,Presynaptic depolarization and calcium channel opening,https://www.wikipathways.org/index.php/Pathway:WP1800,P,1333,4,2045.625318,.0742605741168271115563880297948338197499,0.0011462477037362,121,0.088261073187684
121,WAG002577,Protein repair,WikiPathway_2021,6,Homo sapiens,Protein repair,https://www.wikipathways.org/index.php/Pathway:WP3800,P,1333,3,135.9107791,.1011521843494959193470955352856457033125,0.0017939940620963,122,0.13634354871932
122,WAG002906,Synthesis of Lipoxins (LX),WikiPathway_2021,6,Homo sapiens,Synthesis of Lipoxins (LX),https://www.wikipathways.org/index.php/Pathway:WP4434,P,1333,3,135.9107791,.1011521843494959193470955352856457033125,0.0017939940620963,122,0.13454955465723
123,WAG002808,Mevalonate arm of cholesterol biosynthesis pathway with inhibitors,WikiPathway_2021,2,Homo sapiens,Mevalonate arm of cholesterol biosynthesis pathway with inhibitors,https://www.wikipathways.org/index.php/Pathway:WP4189,P,1333,2,126.2105263,.2007692307692307692307692307692307692308,0.0022070221840762,124,0.16331964162164
124,WAG002624,BMP2-WNT4-FOXO1 pathway in primary endometrial stromal cell differentiation,WikiPathway_2021,13,Homo sapiens,BMP2-WNT4-FOXO1 pathway in primary endometrial stromal cell differentiation,https://www.wikipathways.org/index.php/Pathway:WP3876,P,1333,4,250.9110618,.0630702949515778620613469823618219980115,0.0022559891128891,125,0.1646872052409
125,WAG002677,Mevalonate pathway,WikiPathway_2021,7,Homo sapiens,Mevalonate pathway,https://www.wikipathways.org/index.php/Pathway:WP3963,P,1333,3,1521.24178,.0868659171922127776254455717027693995064,0.0029921586721991,126,0.21543542439833
126,WAG003077,Activation of NLRP3 inflammasome by SARS-CoV-2,WikiPathway_2021,7,Homo sapiens,Activation of NLRP3 inflammasome by SARS-CoV-2,https://www.wikipathways.org/index.php/Pathway:WP4876,P,1333,3,671.5128418,.0868659171922127776254455717027693995064,0.0029921586721991,126,0.21244326572613
127,WAG002405,let-7 inhibition of ES cell reprogramming,WikiPathway_2021,15,Homo sapiens,let-7 inhibition of ES cell reprogramming,https://www.wikipathways.org/index.php/Pathway:WP3299,P,1333,4,22.82640563,.0548637015781922525107604017216642754663,0.0039122634805091,128,0.27385844363564
128,WAG002614,ERK pathway in Huntington's disease,WikiPathway_2021,15,Homo sapiens,ERK pathway in Huntington's disease,https://www.wikipathways.org/index.php/Pathway:WP3853,P,1333,4,575.5535704,.0548637015781922525107604017216642754663,0.0039122634805091,128,0.26994618015513
129,WAG002674,GPR40 pathway,WikiPathway_2021,15,Homo sapiens,GPR40 pathway,https://www.wikipathways.org/index.php/Pathway:WP3958,P,1333,4,2047.696388,.0548637015781922525107604017216642754663,0.0039122634805091,128,0.26603391667462
130,WAG003267,Biogenic amine synthesis,WikiPathway_2021,15,Homo sapiens,Biogenic amine synthesis,https://www.wikipathways.org/index.php/Pathway:WP550,P,1333,4,875.923633,.0548637015781922525107604017216642754663,0.0039122634805091,128,0.26212165319411
131,WAG003177,Amino acid transport defects (IEMs),WikiPathway_2021,8,Homo sapiens,Amino acid transport defects (IEMs),https://www.wikipathways.org/index.php/Pathway:WP5029,P,1333,3,135.5873151,.0761510791366906474820143884892086330935,0.0045627816874519,132,0.30114359137182
132,WAG003178,Ethylmalonic encephalopathy,WikiPathway_2021,3,Homo sapiens,Ethylmalonic encephalopathy,https://www.wikipathways.org/index.php/Pathway:WP5030,P,1333,2,134.1614907,.1341021944577927278551978215601473650488,0.0063102295936958,133,0.41016492359023
133,WAG002406,Dual hijack model of Vif in HIV infection,WikiPathway_2021,9,Homo sapiens,Dual hijack model of Vif in HIV infection,https://www.wikipathways.org/index.php/Pathway:WP3300,P,1333,3,132.2350531,.0678171939916906359859379993608181527645,0.0065229725775602,134,0.41747024496385
134,WAG002560,Tgif disruption of Shh signaling,WikiPathway_2021,9,Homo sapiens,Tgif disruption of Shh signaling,https://www.wikipathways.org/index.php/Pathway:WP3674,P,1333,3,183.4738322,.0678171939916906359859379993608181527645,0.0065229725775602,134,0.41094727238629
135,WAG002795,Macrophage markers,WikiPathway_2021,9,Homo sapiens,Macrophage markers,https://www.wikipathways.org/index.php/Pathway:WP4146,P,1333,3,374.3406156,.0678171939916906359859379993608181527645,0.0065229725775602,134,0.40442429980873
136,WAG002938,Altered glycosylation of MUC1 in tumor microenvironment,WikiPathway_2021,9,Homo sapiens,Altered glycosylation of MUC1 in tumor microenvironment,https://www.wikipathways.org/index.php/Pathway:WP4480,P,1333,3,2020.469877,.0678171939916906359859379993608181527645,0.0065229725775602,134,0.39790132723117
137,WAG003176,"Glycine metabolism, including IMDs",WikiPathway_2021,9,Homo sapiens,"Glycine metabolism, including IMDs",https://www.wikipathways.org/index.php/Pathway:WP5028,P,1333,3,275.9340283,.0678171939916906359859379993608181527645,0.0065229725775602,134,0.39137835465361
138,WAG002641,WikiPathways Academy: met-1-indirect,WikiPathway_2021,10,Homo sapiens,WikiPathways Academy: met-1-indirect,https://www.wikipathways.org/index.php/Pathway:WP3909,P,1333,3,3282.931147,.0611499760421657882127455678006708193579,0.0088811996548945,139,0.49734718067409
139,WAG003125,Urea cycle,WikiPathway_2021,10,Homo sapiens,Urea cycle,https://www.wikipathways.org/index.php/Pathway:WP4973,P,1333,3,1004.77166,.0611499760421657882127455678006708193579,0.0088811996548945,139,0.4884659810192
